datetime_utc,week,step,flux_W,magnitude,phase_angle_deg,elevation_deg,illumination_fraction,sun_angle_panel_deg,eclipsed,below_horizon
2025-01-07T21:00:00,0,0,nan,nan,38.499689734643106,6.417611686761997,nan,42.704429402787156,False,False
2025-01-07T21:10:00,0,1,nan,nan,nan,4.205802497513507,nan,nan,False,True
2025-01-07T21:20:00,0,2,nan,nan,nan,2.000988798364543,nan,nan,False,True
2025-01-07T21:30:00,0,3,nan,nan,nan,-0.19579033595680426,nan,nan,False,True
2025-01-07T21:40:00,0,4,nan,nan,nan,-2.383598157326572,nan,nan,False,True
2025-01-07T21:50:00,0,5,nan,nan,nan,-4.561583160021076,nan,nan,False,True
2025-01-07T22:00:00,0,6,nan,nan,nan,-6.728963364642969,nan,nan,False,True
2025-01-07T22:10:00,0,7,nan,nan,nan,-8.885011662837725,nan,nan,False,True
2025-01-07T22:20:00,0,8,nan,nan,nan,-11.029041972090253,nan,nan,False,True
2025-01-07T22:30:00,0,9,nan,nan,nan,-13.160395934948971,nan,nan,False,True
2025-01-07T22:40:00,0,10,nan,nan,nan,-15.278429947649126,nan,nan,False,True
2025-01-07T22:50:00,0,11,nan,nan,nan,-17.382502266390496,nan,nan,False,True
2025-01-07T23:00:00,0,12,nan,nan,nan,-19.471959958802387,nan,nan,False,True
2025-01-07T23:10:00,0,13,nan,nan,nan,-21.546125457331772,nan,nan,False,True
2025-01-07T23:20:00,0,14,nan,nan,nan,-23.604282432391674,nan,nan,False,True
2025-01-07T23:30:00,0,15,nan,nan,nan,-25.645660716619705,nan,nan,False,True
2025-01-07T23:40:00,0,16,nan,nan,nan,-27.669419939960004,nan,nan,False,True
2025-01-07T23:50:00,0,17,nan,nan,nan,-29.674631524693996,nan,nan,False,True
2025-01-08T00:00:00,0,18,nan,nan,nan,-31.660258609979657,nan,nan,False,True
2025-01-08T00:10:00,0,19,nan,nan,nan,-33.625133460729764,nan,nan,False,True
2025-01-08T00:20:00,0,20,nan,nan,nan,-35.567931775066675,nan,nan,False,True
2025-01-08T00:30:00,0,21,nan,nan,nan,-37.487143341375685,nan,nan,False,True
2025-01-08T00:40:00,0,22,nan,nan,nan,-39.38103829672516,nan,nan,False,True
2025-01-08T00:50:00,0,23,nan,nan,nan,-41.247628234415984,nan,nan,False,True
2025-01-08T01:00:00,0,24,nan,nan,nan,-43.084621348399494,nan,nan,False,True
2025-01-08T01:10:00,0,25,nan,nan,nan,-44.88937075038113,nan,nan,False,True
2025-01-08T01:20:00,0,26,nan,nan,nan,-46.658815172576354,nan,nan,False,True
2025-01-08T01:30:00,0,27,nan,nan,nan,-48.389411416564016,nan,nan,False,True
2025-01-08T01:40:00,0,28,nan,nan,nan,-50.07705832326389,nan,nan,False,True
2025-01-08T01:50:00,0,29,nan,nan,nan,-51.71701271172105,nan,nan,False,True
2025-01-08T02:00:00,0,30,nan,nan,nan,-53.30379894992493,nan,nan,False,True
2025-01-08T02:10:00,0,31,nan,nan,nan,-54.83111572245514,nan,nan,False,True
2025-01-08T02:20:00,0,32,nan,nan,nan,-56.29174640346633,nan,nan,False,True
2025-01-08T02:30:00,0,33,nan,nan,nan,-57.67748352557517,nan,nan,False,True
2025-01-08T02:40:00,0,34,nan,nan,nan,-58.979083150732286,nan,nan,False,True
2025-01-08T02:50:00,0,35,nan,nan,nan,-60.18627134134234,nan,nan,False,True
2025-01-08T03:00:00,0,36,nan,nan,nan,-61.287831313143485,nan,nan,False,True
2025-01-08T03:10:00,0,37,nan,nan,nan,-62.27180416292233,nan,nan,False,True
2025-01-08T03:20:00,0,38,nan,nan,nan,-63.125834630112735,nan,nan,False,True
2025-01-08T03:30:00,0,39,nan,nan,nan,-63.83768162704147,nan,nan,False,True
2025-01-08T03:40:00,0,40,nan,nan,nan,-64.39588723473244,nan,nan,False,True
2025-01-08T03:50:00,0,41,nan,nan,nan,-64.79055755529684,nan,nan,False,True
2025-01-08T04:00:00,0,42,nan,nan,nan,-65.01416214708932,nan,nan,False,True
2025-01-08T04:10:00,0,43,nan,nan,nan,-65.06222257132733,nan,nan,False,True
2025-01-08T04:20:00,0,44,nan,nan,nan,-64.93375537319699,nan,nan,False,True
2025-01-08T04:30:00,0,45,nan,nan,nan,-64.63137274277422,nan,nan,False,True
2025-01-08T04:40:00,0,46,nan,nan,nan,-64.16101783400336,nan,nan,False,True
2025-01-08T04:50:00,0,47,nan,nan,nan,-63.531394465264306,nan,nan,False,True
2025-01-14T21:00:00,1,0,nan,nan,nan,0.3636924490174494,nan,nan,False,True
2025-01-14T21:10:00,1,1,nan,nan,nan,-1.8264768014693105,nan,nan,False,True
2025-01-14T21:20:00,1,2,nan,nan,nan,-4.007036437898828,nan,nan,False,True
2025-01-14T21:30:00,1,3,nan,nan,nan,-6.1771880298516555,nan,nan,False,True
2025-01-14T21:40:00,1,4,nan,nan,nan,-8.336191697727033,nan,nan,False,True
2025-01-14T21:50:00,1,5,nan,nan,nan,-10.48335207411154,nan,nan,False,True
2025-01-14T22:00:00,1,6,nan,nan,nan,-12.618004894487395,nan,nan,False,True
2025-01-14T22:10:00,1,7,nan,nan,nan,-14.739503959477803,nan,nan,False,True
2025-01-14T22:20:00,1,8,nan,nan,nan,-16.847208247347375,nan,nan,False,True
2025-01-14T22:30:00,1,9,nan,nan,nan,-18.940468922171227,nan,nan,False,True
2025-01-14T22:40:00,1,10,nan,nan,nan,-21.018616014649098,nan,nan,False,True
2025-01-14T22:50:00,1,11,nan,nan,nan,-23.080944498029883,nan,nan,False,True
2025-01-14T23:00:00,1,12,nan,nan,nan,-25.126699481371467,nan,nan,False,True
2025-01-14T23:10:00,1,13,nan,nan,nan,-27.155060211539748,nan,nan,False,True
2025-01-14T23:20:00,1,14,nan,nan,nan,-29.16512251541514,nan,nan,False,True
2025-01-14T23:30:00,1,15,nan,nan,nan,-31.155879303771208,nan,nan,False,True
2025-01-14T23:40:00,1,16,nan,nan,nan,-33.12619866321109,nan,nan,False,True
2025-01-14T23:50:00,1,17,nan,nan,nan,-35.07479902681338,nan,nan,False,True
2025-01-15T00:00:00,1,18,nan,nan,nan,-37.000220811934675,nan,nan,False,True
2025-01-15T00:10:00,1,19,nan,nan,nan,-38.90079386909726,nan,nan,False,True
2025-01-15T00:20:00,1,20,nan,nan,nan,-40.774599995842074,nan,nan,False,True
2025-01-15T00:30:00,1,21,nan,nan,nan,-42.61942966870434,nan,nan,False,True
2025-01-15T00:40:00,1,22,nan,nan,nan,-44.432732188162916,nan,nan,False,True
2025-01-15T00:50:00,1,23,nan,nan,nan,-46.21155838159236,nan,nan,False,True
2025-01-15T01:00:00,1,24,nan,nan,nan,-47.952495201994985,nan,nan,False,True
2025-01-15T01:10:00,1,25,nan,nan,nan,-49.65159183955549,nan,nan,False,True
2025-01-15T01:20:00,1,26,nan,nan,nan,-51.30427759841517,nan,nan,False,True
2025-01-15T01:30:00,1,27,nan,nan,nan,-52.90527281794254,nan,nan,False,True
2025-01-15T01:40:00,1,28,nan,nan,nan,-54.44849584903099,nan,nan,False,True
2025-01-15T01:50:00,1,29,nan,nan,nan,-55.926971655780896,nan,nan,False,True
2025-01-15T02:00:00,1,30,nan,nan,nan,-57.33275136231259,nan,nan,False,True
2025-01-15T02:10:00,1,31,nan,nan,nan,-58.656857085501166,nan,nan,False,True
2025-01-15T02:20:00,1,32,nan,nan,nan,-59.88927254926673,nan,nan,False,True
2025-01-15T02:30:00,1,33,nan,nan,nan,-61.01900655187468,nan,nan,False,True
2025-01-15T02:40:00,1,34,nan,nan,nan,-62.03426144742209,nan,nan,False,True
2025-01-15T02:50:00,1,35,nan,nan,nan,-62.92273928886046,nan,nan,False,True
2025-01-15T03:00:00,1,36,nan,nan,nan,-63.67210961687943,nan,nan,False,True
2025-01-15T03:10:00,1,37,nan,nan,nan,-64.27064073853705,nan,nan,False,True
2025-01-15T03:20:00,1,38,nan,nan,nan,-64.70795926934898,nan,nan,False,True
2025-01-15T03:30:00,1,39,nan,nan,nan,-64.97585637005791,nan,nan,False,True
2025-01-15T03:40:00,1,40,nan,nan,nan,-65.0690182370706,nan,nan,False,True
2025-01-15T03:50:00,1,41,nan,nan,nan,-64.98554352982165,nan,nan,False,True
2025-01-15T04:00:00,1,42,nan,nan,nan,-64.72713713533643,nan,nan,False,True
2025-01-15T04:10:00,1,43,nan,nan,nan,-64.29893621118111,nan,nan,False,True
2025-01-15T04:20:00,1,44,nan,nan,nan,-63.70900812386915,nan,nan,False,True
2025-01-15T04:30:00,1,45,nan,nan,nan,-62.96762814510165,nan,nan,False,True
2025-01-15T04:40:00,1,46,nan,nan,nan,-62.08647390792357,nan,nan,False,True
2025-01-15T04:50:00,1,47,nan,nan,nan,-61.07786074820909,nan,nan,False,True
2025-01-21T21:00:00,2,0,nan,nan,nan,-5.648949764737438,nan,nan,False,True
2025-01-21T21:10:00,2,1,nan,nan,nan,-7.810763788028677,nan,nan,False,True
2025-01-21T21:20:00,2,2,nan,nan,nan,-9.960895299796638,nan,nan,False,True
2025-01-21T21:30:00,2,3,nan,nan,nan,-12.098673759853762,nan,nan,False,True
2025-01-21T21:40:00,2,4,nan,nan,nan,-14.223449815987664,nan,nan,False,True
2025-01-21T21:50:00,2,5,nan,nan,nan,-16.33458239192096,nan,nan,False,True
2025-01-21T22:00:00,2,6,nan,nan,nan,-18.43142575107646,nan,nan,False,True
2025-01-21T22:10:00,2,7,nan,nan,nan,-20.513316275709336,nan,nan,False,True
2025-01-21T22:20:00,2,8,nan,nan,nan,-22.57955871821039,nan,nan,False,True
2025-01-21T22:30:00,2,9,nan,nan,nan,-24.629411629948653,nan,nan,False,True
2025-01-21T22:40:00,2,10,nan,nan,nan,-26.662071683690453,nan,nan,False,True
2025-01-21T22:50:00,2,11,nan,nan,nan,-28.676656530972643,nan,nan,False,True
2025-01-21T23:00:00,2,12,nan,nan,nan,-30.672185812363182,nan,nan,False,True
2025-01-21T23:10:00,2,13,nan,nan,nan,-32.647559883923115,nan,nan,False,True
2025-01-21T23:20:00,2,14,nan,nan,nan,-34.60153573904238,nan,nan,False,True
2025-01-21T23:30:00,2,15,nan,nan,nan,-36.53269957003289,nan,nan,False,True
2025-01-21T23:40:00,2,16,nan,nan,nan,-38.43943529918191,nan,nan,False,True
2025-01-21T23:50:00,2,17,nan,nan,nan,-40.31988836035979,nan,nan,False,True
2025-01-22T00:00:00,2,18,nan,nan,nan,-42.171923915347485,nan,nan,False,True
2025-01-22T00:10:00,2,19,nan,nan,nan,-43.99307868591789,nan,nan,False,True
2025-01-22T00:20:00,2,20,nan,nan,nan,-45.780505529851126,nan,nan,False,True
2025-01-22T00:30:00,2,21,nan,nan,nan,-47.530910080079856,nan,nan,False,True
2025-01-22T00:40:00,2,22,nan,nan,nan,-49.240478941531315,nan,nan,False,True
2025-01-22T00:50:00,2,23,nan,nan,nan,-50.90479951610983,nan,nan,False,True
2025-01-22T01:00:00,2,24,nan,nan,nan,-52.51877245941316,nan,nan,False,True
2025-01-22T01:10:00,2,25,nan,nan,nan,-54.076519265649395,nan,nan,False,True
2025-01-22T01:20:00,2,26,nan,nan,nan,-55.571289852835584,nan,nan,False,True
2025-01-22T01:30:00,2,27,nan,nan,nan,-56.995378430684056,nan,nan,False,True
2025-01-22T01:40:00,2,28,nan,nan,nan,-58.340060667200696,nan,nan,False,True
2025-01-22T01:50:00,2,29,nan,nan,nan,-59.595571068030935,nan,nan,False,True
2025-01-22T02:00:00,2,30,nan,nan,nan,-60.75114606896363,nan,nan,False,True
2025-01-22T02:10:00,2,31,nan,nan,nan,-61.79516403329501,nan,nan,False,True
2025-01-22T02:20:00,2,32,nan,nan,nan,-62.71541529092277,nan,nan,False,True
2025-01-22T02:30:00,2,33,nan,nan,nan,-63.49952937651087,nan,nan,False,True
2025-01-22T02:40:00,2,34,nan,nan,nan,-64.13556802897104,nan,nan,False,True
2025-01-22T02:50:00,2,35,nan,nan,nan,-64.6127589275226,nan,nan,False,True
2025-01-22T03:00:00,2,36,nan,nan,nan,-64.92230006450443,nan,nan,False,True
2025-01-22T03:10:00,2,37,nan,nan,nan,-65.05812072836592,nan,nan,False,True
2025-01-22T03:20:00,2,38,nan,nan,nan,-65.01746207654948,nan,nan,False,True
2025-01-22T03:30:00,2,39,nan,nan,nan,-64.80115625003079,nan,nan,False,True
2025-01-22T03:40:00,2,40,nan,nan,nan,-64.4135411732067,nan,nan,False,True
2025-01-22T03:50:00,2,41,nan,nan,nan,-63.86203053642007,nan,nan,False,True
2025-01-22T04:00:00,2,42,nan,nan,nan,-63.156433166426154,nan,nan,False,True
2025-01-22T04:10:00,2,43,nan,nan,nan,-62.30815570917798,nan,nan,False,True
2025-01-22T04:20:00,2,44,nan,nan,nan,-61.32941900882686,nan,nan,False,True
2025-01-22T04:30:00,2,45,nan,nan,nan,-60.23258331340657,nan,nan,False,True
2025-01-22T04:40:00,2,46,nan,nan,nan,-59.029630814146195,nan,nan,False,True
2025-01-22T04:50:00,2,47,nan,nan,nan,-57.73181326650054,nan,nan,False,True
2025-01-28T21:00:00,3,0,nan,nan,nan,-11.566413261913267,nan,nan,False,True
2025-01-28T21:10:00,3,1,nan,nan,nan,-13.694463307130988,nan,nan,False,True
2025-01-28T21:20:00,3,2,nan,nan,nan,-15.809029799483218,nan,nan,False,True
2025-01-28T21:30:00,3,3,nan,nan,nan,-17.909469356358265,nan,nan,False,True
2025-01-28T21:40:00,3,4,nan,nan,nan,-19.995124054314882,nan,nan,False,True
2025-01-28T21:50:00,3,5,nan,nan,nan,-22.065307827991514,nan,nan,False,True
2025-01-28T22:00:00,3,6,nan,nan,nan,-24.119292139940235,nan,nan,False,True
2025-01-28T22:10:00,3,7,nan,nan,nan,-26.156290606015098,nan,nan,False,True
2025-01-28T22:20:00,3,8,nan,nan,nan,-28.17544225693295,nan,nan,False,True
2025-01-28T22:30:00,3,9,nan,nan,nan,-30.175793043531836,nan,nan,False,True
2025-01-28T22:40:00,3,10,nan,nan,nan,-32.15627517964124,nan,nan,False,True
2025-01-28T22:50:00,3,11,nan,nan,nan,-34.115683818087255,nan,nan,False,True
2025-01-28T23:00:00,3,12,nan,nan,nan,-36.052650507165566,nan,nan,False,True
2025-01-28T23:10:00,3,13,nan,nan,nan,-37.96561279866544,nan,nan,False,True
2025-01-28T23:20:00,3,14,nan,nan,nan,-39.852779280167134,nan,nan,False,True
2025-01-28T23:30:00,3,15,nan,nan,nan,-41.71208926780302,nan,nan,False,True
2025-01-28T23:40:00,3,16,nan,nan,nan,-43.54116630731736,nan,nan,False,True
2025-01-28T23:50:00,3,17,nan,nan,nan,-45.337264651883316,nan,nan,False,True
2025-01-29T00:00:00,3,18,nan,nan,nan,-47.097207932896346,nan,nan,False,True
2025-01-29T00:10:00,3,19,nan,nan,nan,-48.81731948805234,nan,nan,False,True
2025-01-29T00:20:00,3,20,nan,nan,nan,-50.49334425270295,nan,nan,False,True
2025-01-29T00:30:00,3,21,nan,nan,nan,-52.12036288800394,nan,nan,False,True
2025-01-29T00:40:00,3,22,nan,nan,nan,-53.692700257194005,nan,nan,False,True
2025-01-29T00:50:00,3,23,nan,nan,nan,-55.20383239909303,nan,nan,False,True
2025-01-29T01:00:00,3,24,nan,nan,nan,-56.64629934459192,nan,nan,False,True
2025-01-29T01:10:00,3,25,nan,nan,nan,-58.01163546476946,nan,nan,False,True
2025-01-29T01:20:00,3,26,nan,nan,nan,-59.29033470960488,nan,nan,False,True
2025-01-29T01:30:00,3,27,nan,nan,nan,-60.47187458076783,nan,nan,False,True
2025-01-29T01:40:00,3,28,nan,nan,nan,-61.54482882746194,nan,nan,False,True
2025-01-29T01:50:00,3,29,nan,nan,nan,-62.49710206470515,nan,nan,False,True
2025-01-29T02:00:00,3,30,nan,nan,nan,-63.31631595919644,nan,nan,False,True
2025-01-29T02:10:00,3,31,nan,nan,nan,-63.99036156593026,nan,nan,False,True
2025-01-29T02:20:00,3,32,nan,nan,nan,-64.508102516853,nan,nan,False,True
2025-01-29T02:30:00,3,33,nan,nan,nan,-64.860170780862,nan,nan,False,True
2025-01-29T02:40:00,3,34,nan,nan,nan,-65.03975082116442,nan,nan,False,True
2025-01-29T02:50:00,3,35,nan,nan,nan,-65.04321780919719,nan,nan,False,True
2025-01-29T03:00:00,3,36,nan,nan,nan,-64.87050070885023,nan,nan,False,True
2025-01-29T03:10:00,3,37,nan,nan,nan,-64.52508955654899,nan,nan,False,True
2025-01-29T03:20:00,3,38,nan,nan,nan,-64.01368526741992,nan,nan,False,True
2025-01-29T03:30:00,3,39,nan,nan,nan,-63.345569963484095,nan,nan,False,True
2025-01-29T03:40:00,3,40,nan,nan,nan,-62.531825907890166,nan,nan,False,True
2025-01-29T03:50:00,3,41,nan,nan,nan,-61.584537965245296,nan,nan,False,True
2025-01-29T04:00:00,3,42,nan,nan,nan,-60.51608536785973,nan,nan,False,True
2025-01-29T04:10:00,3,43,nan,nan,nan,-59.338582927950725,nan,nan,False,True
2025-01-29T04:20:00,3,44,nan,nan,nan,-58.06348845844522,nan,nan,False,True
2025-01-29T04:30:00,3,45,nan,nan,nan,-56.70136271321233,nan,nan,False,True
2025-01-29T04:40:00,3,46,nan,nan,nan,-55.26175253751346,nan,nan,False,True
2025-01-29T04:50:00,3,47,nan,nan,nan,-53.75316400962332,nan,nan,False,True
2025-02-04T21:00:00,4,0,nan,nan,nan,-17.38245132377466,nan,nan,False,True
2025-02-04T21:10:00,4,1,nan,nan,nan,-19.471862990400535,nan,nan,False,True
2025-02-04T21:20:00,4,2,nan,nan,nan,-21.545971881159513,nan,nan,False,True
2025-02-04T21:30:00,4,3,nan,nan,nan,-23.604061390876765,nan,nan,False,True
2025-02-04T21:40:00,4,4,nan,nan,nan,-25.645360989597528,nan,nan,False,True
2025-02-04T21:50:00,4,5,nan,nan,nan,-27.669029848655814,nan,nan,False,True
2025-02-04T22:00:00,4,6,nan,nan,nan,-29.67413883021781,nan,nan,False,True
2025-02-04T22:10:00,4,7,nan,nan,nan,-31.65965040963545,nan,nan,False,True
2025-02-04T22:20:00,4,8,nan,nan,nan,-33.62439607113667,nan,nan,False,True
2025-02-04T22:30:00,4,9,nan,nan,nan,-35.567050620481425,nan,nan,False,True
2025-02-04T22:40:00,4,10,nan,nan,nan,-37.48610282126629,nan,nan,False,True
2025-02-04T22:50:00,4,11,nan,nan,nan,-39.379821647015376,nan,nan,False,True
2025-02-04T23:00:00,4,12,nan,nan,nan,-41.24621738778831,nan,nan,False,True
2025-02-04T23:10:00,4,13,nan,nan,nan,-43.08299679103744,nan,nan,False,True
2025-02-04T23:20:00,4,14,nan,nan,nan,-44.88751137596801,nan,nan,False,True
2025-02-04T23:30:00,4,15,nan,nan,nan,-46.65669814496515,nan,nan,False,True
2025-02-04T23:40:00,4,16,nan,nan,nan,-48.387012056062,nan,nan,False,True
2025-02-04T23:50:00,4,17,nan,nan,nan,-50.07435002919427,nan,nan,False,True
2025-02-05T00:00:00,4,18,nan,nan,nan,-51.713966940894814,nan,nan,False,True
2025-02-05T00:10:00,4,19,nan,nan,nan,-53.30038529836869,nan,nan,False,True
2025-02-05T00:20:00,4,20,nan,nan,nan,-54.82730212459198,nan,nan,False,True
2025-02-05T00:30:00,4,21,nan,nan,nan,-56.28749954676591,nan,nan,False,True
2025-02-05T00:40:00,4,22,nan,nan,nan,-57.672769522192944,nan,nan,False,True
2025-02-05T00:50:00,4,23,nan,nan,nan,-58.97386854371568,nan,nan,False,True
2025-02-05T01:00:00,4,24,nan,nan,nan,-60.18052451830605,nan,nan,False,True
2025-02-05T01:10:00,4,25,nan,nan,nan,-61.28152437151455,nan,nan,False,True
2025-02-05T01:20:00,4,26,nan,nan,nan,-62.264915204213494,nan,nan,False,True
2025-02-05T01:30:00,4,27,nan,nan,nan,-63.118350358884705,nan,nan,False,True
2025-02-05T01:40:00,4,28,nan,nan,nan,-63.8295999980454,nan,nan,False,True
2025-02-05T01:50:00,4,29,nan,nan,nan,-64.38721973306701,nan,nan,False,True
2025-02-05T02:00:00,4,30,nan,nan,nan,-64.78133060455069,nan,nan,False,True
2025-02-05T02:10:00,4,31,nan,nan,nan,-65.00441715846532,nan,nan,False,True
2025-02-05T02:20:00,4,32,nan,nan,nan,-65.05201434934442,nan,nan,False,True
2025-02-05T02:30:00,4,33,nan,nan,nan,-64.92314894742341,nan,nan,False,True
2025-02-05T02:40:00,4,34,nan,nan,nan,-64.62043908325288,nan,nan,False,True
2025-02-05T02:50:00,4,35,nan,nan,nan,-64.14982917840005,nan,nan,False,True
2025-02-05T03:00:00,4,36,nan,nan,nan,-63.52002002764316,nan,nan,False,True
2025-02-05T03:10:00,4,37,nan,nan,nan,-62.74171330376996,nan,nan,False,True
2025-02-05T03:20:00,4,38,nan,nan,nan,-61.826807451532524,nan,nan,False,True
2025-02-05T03:30:00,4,39,nan,nan,nan,-60.787660276299206,nan,nan,False,True
2025-02-05T03:40:00,4,40,nan,nan,nan,-59.636490118465694,nan,nan,False,True
2025-02-05T03:50:00,4,41,nan,nan,nan,-58.38494228170437,nan,nan,False,True
2025-02-05T04:00:00,4,42,nan,nan,nan,-57.04381323557091,nan,nan,False,True
2025-02-05T04:10:00,4,43,nan,nan,nan,-55.622905997805645,nan,nan,False,True
2025-02-05T04:20:00,4,44,nan,nan,nan,-54.130983661223226,nan,nan,False,True
2025-02-05T04:30:00,4,45,nan,nan,nan,-52.575789761321744,nan,nan,False,True
2025-02-05T04:40:00,4,46,nan,nan,nan,-50.96410974514281,nan,nan,False,True
2025-02-05T04:50:00,4,47,nan,nan,nan,-49.30185438581011,nan,nan,False,True
2025-02-11T21:00:00,5,0,nan,nan,nan,-23.081799547445833,nan,nan,False,True
2025-02-11T21:10:00,5,1,nan,nan,nan,-25.127434566466178,nan,nan,False,True
2025-02-11T21:20:00,5,2,nan,nan,nan,-27.155656985551662,nan,nan,False,True
2025-02-11T21:30:00,5,3,nan,nan,nan,-29.165561744377403,nan,nan,False,True
2025-02-11T21:40:00,5,4,nan,nan,nan,-31.156140695347048,nan,nan,False,True
2025-02-11T21:50:00,5,5,nan,nan,nan,-33.12626067860897,nan,nan,False,True
2025-02-11T22:00:00,5,6,nan,nan,nan,-35.07463867889386,nan,nan,False,True
2025-02-11T22:10:00,5,7,nan,nan,nan,-36.999813452671255,nan,nan,False,True
2025-02-11T22:20:00,5,8,nan,nan,nan,-38.90011296584429,nan,nan,False,True
2025-02-11T22:30:00,5,9,nan,nan,nan,-40.77361687739895,nan,nan,False,True
2025-02-11T22:40:00,5,10,nan,nan,nan,-42.61811327694864,nan,nan,False,True
2025-02-11T22:50:00,5,11,nan,nan,nan,-44.43104881549457,nan,nan,False,True
2025-02-11T23:00:00,5,12,nan,nan,nan,-46.209471417369365,nan,nan,False,True
2025-02-11T23:10:00,5,13,nan,nan,nan,-47.949964897949336,nan,nan,False,True
2025-02-11T23:20:00,5,14,nan,nan,nan,-49.648575113803055,nan,nan,False,True
2025-02-11T23:30:00,5,15,nan,nan,nan,-51.300727915878525,nan,nan,False,True
2025-02-11T23:40:00,5,16,nan,nan,nan,-52.90114019884122,nan,nan,False,True
2025-02-11T23:50:00,5,17,nan,nan,nan,-54.44372706772927,nan,nan,False,True
2025-02-12T00:00:00,5,18,nan,nan,nan,-55.92151071317612,nan,nan,False,True
2025-02-12T00:10:00,5,19,nan,nan,nan,-57.32654034514979,nan,nan,False,True
2025-02-12T00:20:00,5,20,nan,nan,nan,-58.64983754388155,nan,nan,False,True
2025-02-12T00:30:00,5,21,nan,nan,nan,-59.88138750587131,nan,nan,False,True
2025-02-12T00:40:00,5,22,nan,nan,nan,-61.01020325317218,nan,nan,False,True
2025-02-12T00:50:00,5,23,nan,nan,nan,-62.0244948744684,nan,nan,False,True
2025-02-12T01:00:00,5,24,nan,nan,nan,-62.911976311446686,nan,nan,False,True
2025-02-12T01:10:00,5,25,nan,nan,nan,-63.660333460862226,nan,nan,False,True
2025-02-12T01:20:00,5,26,nan,nan,nan,-64.25785518046733,nan,nan,False,True
2025-02-12T01:30:00,5,27,nan,nan,nan,-64.69419176312394,nan,nan,False,True
2025-02-12T01:40:00,5,28,nan,nan,nan,-64.96115926253289,nan,nan,False,True
2025-02-12T01:50:00,5,29,nan,nan,nan,-65.05346743677845,nan,nan,False,True
2025-02-12T02:00:00,5,30,nan,nan,nan,-64.96923449121566,nan,nan,False,True
2025-02-12T02:10:00,5,31,nan,nan,nan,-64.71017865636539,nan,nan,False,True
2025-02-12T02:20:00,5,32,nan,nan,nan,-64.28144308295573,nan,nan,False,True
2025-02-12T02:30:00,5,33,nan,nan,nan,-63.691093883913716,nan,nan,False,True
2025-02-12T02:40:00,5,34,nan,nan,nan,-62.949399006825374,nan,nan,False,True
2025-02-12T02:50:00,5,35,nan,nan,nan,-62.06802449659848,nan,nan,False,True
2025-02-12T03:00:00,5,36,nan,nan,nan,-61.05927177623683,nan,nan,False,True
2025-02-12T03:10:00,5,37,nan,nan,nan,-59.935439691295954,nan,nan,False,True
2025-02-12T03:20:00,5,38,nan,nan,nan,-58.708348747462175,nan,nan,False,True
2025-02-12T03:30:00,5,39,nan,nan,nan,-57.389027341205974,nan,nan,False,True
2025-02-12T03:40:00,5,40,nan,nan,nan,-55.98753689433981,nan,nan,False,True
2025-02-12T03:50:00,5,41,nan,nan,nan,-54.51290356949605,nan,nan,False,True
2025-02-12T04:00:00,5,42,nan,nan,nan,-52.9731243056459,nan,nan,False,True
2025-02-12T04:10:00,5,43,nan,nan,nan,-51.375219872569026,nan,nan,False,True
2025-02-12T04:20:00,5,44,nan,nan,nan,-49.72531412636954,nan,nan,False,True
2025-02-12T04:30:00,5,45,nan,nan,nan,-48.0287248650381,nan,nan,False,True
2025-02-12T04:40:00,5,46,nan,nan,nan,-46.290056729406146,nan,nan,False,True
2025-02-12T04:50:00,5,47,nan,nan,nan,-44.513290412806406,nan,nan,False,True
2025-02-18T21:00:00,6,0,nan,nan,nan,-28.685225949323712,nan,nan,False,True
2025-02-18T21:10:00,6,1,nan,nan,nan,-30.680568574107067,nan,nan,False,True
2025-02-18T21:20:00,6,2,nan,nan,nan,-32.655738952663015,nan,nan,False,True
2025-02-18T21:30:00,6,3,nan,nan,nan,-34.609492615117176,nan,nan,False,True
2025-02-18T21:40:00,6,4,nan,nan,nan,-36.540414049840436,nan,nan,False,True
2025-02-18T21:50:00,6,5,nan,nan,nan,-38.44688520384657,nan,nan,False,True
2025-02-18T22:00:00,6,6,nan,nan,nan,-40.32704923525566,nan,nan,False,True
2025-02-18T22:10:00,6,7,nan,nan,nan,-42.1787687023963,nan,nan,False,True
2025-02-18T22:20:00,6,8,nan,nan,nan,-43.99957735945403,nan,nan,False,True
2025-02-18T22:30:00,6,9,nan,nan,nan,-45.78662471083009,nan,nan,False,True
2025-02-18T22:40:00,6,10,nan,nan,nan,-47.53661261677718,nan,nan,False,True
2025-02-18T22:50:00,6,11,nan,nan,nan,-49.245723476681654,nan,nan,False,True
2025-02-18T23:00:00,6,12,nan,nan,nan,-50.90954006519532,nan,nan,False,True
2025-02-18T23:10:00,6,13,nan,nan,nan,-52.52295802809062,nan,nan,False,True
2025-02-18T23:20:00,6,14,nan,nan,nan,-54.080093553489874,nan,nan,False,True
2025-02-18T23:30:00,6,15,nan,nan,nan,-55.574191121248305,nan,nan,False,True
2025-02-18T23:40:00,6,16,nan,nan,nan,-56.99753964128186,nan,nan,False,True
2025-02-18T23:50:00,6,17,nan,nan,nan,-58.34141002293527,nan,nan,False,True
2025-02-19T00:00:00,6,18,nan,nan,nan,-59.596033119776635,nan,nan,False,True
2025-02-19T00:10:00,6,19,nan,nan,nan,-60.75064357803374,nan,nan,False,True
2025-02-19T00:20:00,6,20,nan,nan,nan,-61.793620737866206,nan,nan,False,True
2025-02-19T00:30:00,6,21,nan,nan,nan,-62.71275967813134,nan,nan,False,True
2025-02-19T00:40:00,6,22,nan,nan,nan,-63.495699368552735,nan,nan,False,True
2025-02-19T00:50:00,6,23,nan,nan,nan,-64.13051625325869,nan,nan,False,True
2025-02-19T01:00:00,6,24,nan,nan,nan,-64.60645794206881,nan,nan,False,True
2025-02-19T01:10:00,6,25,nan,nan,nan,-64.91474665502068,nan,nan,False,True
2025-02-19T01:20:00,6,26,nan,nan,nan,-65.04933832456408,nan,nan,False,True
2025-02-19T01:30:00,6,27,nan,nan,nan,-65.00750056916469,nan,nan,False,True
2025-02-19T01:40:00,6,28,nan,nan,nan,-64.7900890138979,nan,nan,False,True
2025-02-19T01:50:00,6,29,nan,nan,nan,-64.40145974969954,nan,nan,False,True
2025-02-19T02:00:00,6,30,nan,nan,nan,-63.849037949126924,nan,nan,False,True
2025-02-19T02:10:00,6,31,nan,nan,nan,-63.142637038187225,nan,nan,False,True
2025-02-19T02:20:00,6,32,nan,nan,nan,-62.29366218851894,nan,nan,False,True
2025-02-19T02:30:00,6,33,nan,nan,nan,-61.31432812215147,nan,nan,False,True
2025-02-19T02:40:00,6,34,nan,nan,nan,-60.21698592913617,nan,nan,False,True
2025-02-19T02:50:00,6,35,nan,nan,nan,-59.01360708138354,nan,nan,False,True
2025-02-19T03:00:00,6,36,nan,nan,nan,-57.71543221723768,nan,nan,False,True
2025-02-19T03:10:00,6,37,nan,nan,nan,-56.33276571218307,nan,nan,False,True
2025-02-19T03:20:00,6,38,nan,nan,nan,-54.874884880905014,nan,nan,False,True
2025-02-19T03:30:00,6,39,nan,nan,nan,-53.35003092987478,nan,nan,False,True
2025-02-19T03:40:00,6,40,nan,nan,nan,-51.7654529072868,nan,nan,False,True
2025-02-19T03:50:00,6,41,nan,nan,nan,-50.12748226468637,nan,nan,False,True
2025-02-19T04:00:00,6,42,nan,nan,nan,-48.44162199499131,nan,nan,False,True
2025-02-19T04:10:00,6,43,nan,nan,nan,-46.712639720184285,nan,nan,False,True
2025-02-19T04:20:00,6,44,nan,nan,nan,-44.944658172535476,nan,nan,False,True
2025-02-19T04:30:00,6,45,nan,nan,nan,-43.14123943439211,nan,nan,False,True
2025-02-19T04:40:00,6,46,nan,nan,nan,-41.30546120061663,nan,nan,False,True
2025-02-19T04:50:00,6,47,nan,nan,nan,-39.43998457732295,nan,nan,False,True
2025-02-25T21:00:00,7,0,nan,nan,nan,-34.12636143608762,nan,nan,False,True
2025-02-25T21:10:00,7,1,nan,nan,nan,-36.06307904161663,nan,nan,False,True
2025-02-25T21:20:00,7,2,nan,nan,nan,-37.97576879470002,nan,nan,False,True
2025-02-25T21:30:00,7,3,nan,nan,nan,-39.862636832694356,nan,nan,False,True
2025-02-25T21:40:00,7,4,nan,nan,nan,-41.72161964680142,nan,nan,False,True
2025-02-25T21:50:00,7,5,nan,nan,nan,-43.550337537976596,nan,nan,False,True
2025-02-25T22:00:00,7,6,nan,nan,nan,-45.346041053034206,nan,nan,False,True
2025-02-25T22:10:00,7,7,nan,nan,nan,-47.10554962021731,nan,nan,False,True
2025-02-25T22:20:00,7,8,nan,nan,nan,-48.825181850316305,nan,nan,False,True
2025-02-25T22:30:00,7,9,nan,nan,nan,-50.50067739626847,nan,nan,False,True
2025-02-25T22:40:00,7,10,nan,nan,nan,-52.127111113663965,nan,nan,False,True
2025-02-25T22:50:00,7,11,nan,nan,nan,-53.69880159050365,nan,nan,False,True
2025-02-25T23:00:00,7,12,nan,nan,nan,-55.20921825953384,nan,nan,False,True
2025-02-25T23:10:00,7,13,nan,nan,nan,-56.65089445376031,nan,nan,False,True
2025-02-25T23:20:00,7,14,nan,nan,nan,-58.01535813419369,nan,nan,False,True
2025-02-25T23:30:00,7,15,nan,nan,nan,-59.29309769559291,nan,nan,False,True
2025-02-25T23:40:00,7,16,nan,nan,nan,-60.47358672344935,nan,nan,False,True
2025-02-25T23:50:00,7,17,nan,nan,nan,-61.54539768719511,nan,nan,False,True
2025-02-26T00:00:00,7,18,nan,nan,nan,-62.49643771419948,nan,nan,False,True
2025-02-26T00:10:00,7,19,nan,nan,nan,-63.31433595085343,nan,nan,False,True
2025-02-26T00:20:00,7,20,nan,nan,nan,-63.986996843724334,nan,nan,False,True
2025-02-26T00:30:00,7,21,nan,nan,nan,-64.50330368363042,nan,nan,False,True
2025-02-26T00:40:00,7,22,nan,nan,nan,-64.85391381558817,nan,nan,False,True
2025-02-26T00:50:00,7,23,nan,nan,nan,-65.03204113670455,nan,nan,False,True
2025-02-26T01:00:00,7,24,nan,nan,nan,-65.03409165958294,nan,nan,False,True
2025-02-26T01:10:00,7,25,nan,nan,nan,-64.86002342481741,nan,nan,False,True
2025-02-26T01:20:00,7,26,nan,nan,nan,-64.51335079896788,nan,nan,False,True
2025-02-26T01:30:00,7,27,nan,nan,nan,-64.00079217486919,nan,nan,False,True
2025-02-26T01:40:00,7,28,nan,nan,nan,-63.33163945440611,nan,nan,False,True
2025-02-26T01:50:00,7,29,nan,nan,nan,-62.516977378480625,nan,nan,False,True
2025-02-26T02:00:00,7,30,nan,nan,nan,-61.568887271686584,nan,nan,False,True
2025-02-26T02:10:00,7,31,nan,nan,nan,-60.49974051173602,nan,nan,False,True
2025-02-26T02:20:00,7,32,nan,nan,nan,-59.321641448992644,nan,nan,False,True
2025-02-26T02:30:00,7,33,nan,nan,nan,-58.04603626937749,nan,nan,False,True
2025-02-26T02:40:00,7,34,nan,nan,nan,-56.68347400139759,nan,nan,False,True
2025-02-26T02:50:00,7,35,nan,nan,nan,-55.243490367527336,nan,nan,False,True
2025-02-26T03:00:00,7,36,nan,nan,nan,-53.73458132647459,nan,nan,False,True
2025-02-26T03:10:00,7,37,nan,nan,nan,-52.16423619615862,nan,nan,False,True
2025-02-26T03:20:00,7,38,nan,nan,nan,-50.53900632927732,nan,nan,False,True
2025-02-26T03:30:00,7,39,nan,nan,nan,-48.86459180418826,nan,nan,False,True
2025-02-26T03:40:00,7,40,nan,nan,nan,-47.14593426834053,nan,nan,False,True
2025-02-26T03:50:00,7,41,nan,nan,nan,-45.38730850355185,nan,nan,False,True
2025-02-26T04:00:00,7,42,nan,nan,nan,-43.59240842650191,nan,nan,False,True
2025-02-26T04:10:00,7,43,nan,nan,nan,-41.764425416661666,nan,nan,False,True
2025-02-26T04:20:00,7,44,nan,nan,nan,-39.906118212041456,nan,nan,False,True
2025-02-26T04:30:00,7,45,nan,nan,nan,-38.01987446615298,nan,nan,False,True
2025-02-26T04:40:00,7,46,nan,nan,nan,-36.107764484832664,nan,nan,False,True
2025-02-26T04:50:00,7,47,nan,nan,nan,-34.171587919193584,nan,nan,False,True
2025-03-04T21:00:00,8,0,nan,nan,nan,-39.40088397692154,nan,nan,False,True
2025-03-04T21:10:00,8,1,nan,nan,nan,-41.2670440136819,nan,nan,False,True
2025-03-04T21:20:00,8,2,nan,nan,nan,-43.10356861595244,nan,nan,False,True
2025-03-04T21:30:00,8,3,nan,nan,nan,-44.90780572546204,nan,nan,False,True
2025-03-04T21:40:00,8,4,nan,nan,nan,-46.67668812954678,nan,nan,False,True
2025-03-04T21:50:00,8,5,nan,nan,nan,-48.40666582946434,nan,nan,False,True
2025-03-04T22:00:00,8,6,nan,nan,nan,-50.093629940495724,nan,nan,False,True
2025-03-04T22:10:00,8,7,nan,nan,nan,-51.73282858507405,nan,nan,False,True
2025-03-04T22:20:00,8,8,nan,nan,nan,-53.31877647027676,nan,nan,False,True
2025-03-04T22:30:00,8,9,nan,nan,nan,-54.84516172915193,nan,nan,False,True
2025-03-04T22:40:00,8,10,nan,nan,nan,-56.304756508981065,nan,nan,False,True
2025-03-04T22:50:00,8,11,nan,nan,nan,-57.689341825953896,nan,nan,False,True
2025-03-04T23:00:00,8,12,nan,nan,nan,-58.98966257912885,nan,nan,False,True
2025-03-04T23:10:00,8,13,nan,nan,nan,-60.19543498520445,nan,nan,False,True
2025-03-04T23:20:00,8,14,nan,nan,nan,-61.29543506323329,nan,nan,False,True
2025-03-04T23:30:00,8,15,nan,nan,nan,-62.27770104840593,nan,nan,False,True
2025-03-04T23:40:00,8,16,nan,nan,nan,-63.12988106734956,nan,nan,False,True
2025-03-04T23:50:00,8,17,nan,nan,nan,-63.83974552539849,nan,nan,False,True
2025-03-05T00:00:00,8,18,nan,nan,nan,-64.39585743470838,nan,nan,False,True
2025-03-05T00:10:00,8,19,nan,nan,nan,-64.7883535312205,nan,nan,False,True
2025-03-05T00:20:00,8,20,nan,nan,nan,-65.00974241170604,nan,nan,False,True
2025-03-05T00:30:00,8,21,nan,nan,nan,-65.05559010617608,nan,nan,False,True
2025-03-05T00:40:00,8,22,nan,nan,nan,-64.92495877601769,nan,nan,False,True
2025-03-05T00:50:00,8,23,nan,nan,nan,-64.6205026766712,nan,nan,False,True
2025-03-05T01:00:00,8,24,nan,nan,nan,-64.14819944058026,nan,nan,False,True
2025-03-05T01:10:00,8,25,nan,nan,nan,-63.51677725640826,nan,nan,False,True
2025-03-05T01:20:00,8,26,nan,nan,nan,-62.736957727428546,nan,nan,False,True
2025-03-05T01:30:00,8,27,nan,nan,nan,-61.82065145510201,nan,nan,False,True
2025-03-05T01:40:00,8,28,nan,nan,nan,-60.78022136891008,nan,nan,False,True
2025-03-05T01:50:00,8,29,nan,nan,nan,-59.62788526252727,nan,nan,False,True
2025-03-05T02:00:00,8,30,nan,nan,nan,-58.375283776713964,nan,nan,False,True
2025-03-05T02:10:00,8,31,nan,nan,nan,-57.033206059977395,nan,nan,False,True
2025-03-05T02:20:00,8,32,nan,nan,nan,-55.61144635669235,nan,nan,False,True
2025-03-05T02:30:00,8,33,nan,nan,nan,-54.118758435846026,nan,nan,False,True
2025-03-05T02:40:00,8,34,nan,nan,nan,-52.5628765761277,nan,nan,False,True
2025-03-05T02:50:00,8,35,nan,nan,nan,-50.950577425369495,nan,nan,False,True
2025-03-05T03:00:00,8,36,nan,nan,nan,-49.287763638520886,nan,nan,False,True
2025-03-05T03:10:00,8,37,nan,nan,nan,-47.579556121848796,nan,nan,False,True
2025-03-05T03:20:00,8,38,nan,nan,nan,-45.83038647962485,nan,nan,False,True
2025-03-05T03:30:00,8,39,nan,nan,nan,-44.0440847115286,nan,nan,False,True
2025-03-05T03:40:00,8,40,nan,nan,nan,-42.22395958653045,nan,nan,False,True
2025-03-05T03:50:00,8,41,nan,nan,nan,-40.37287068022556,nan,nan,False,True
2025-03-05T04:00:00,8,42,nan,nan,nan,-38.49329197277392,nan,nan,False,True
2025-03-05T04:10:00,8,43,nan,nan,nan,-36.58736747464343,nan,nan,False,True
2025-03-05T04:20:00,8,44,nan,nan,nan,-34.65695959287023,nan,nan,False,True
2025-03-05T04:30:00,8,45,nan,nan,nan,-32.7036910860563,nan,nan,False,True
2025-03-05T04:40:00,8,46,nan,nan,nan,-30.72898143137855,nan,nan,False,True
2025-03-05T04:50:00,8,47,nan,nan,nan,-28.734078419681435,nan,nan,False,True
2025-03-11T21:00:00,9,0,nan,nan,nan,-44.45778170720763,nan,nan,False,True
2025-03-11T21:10:00,9,1,nan,nan,nan,-46.23591094139834,nan,nan,False,True
2025-03-11T21:20:00,9,2,nan,nan,nan,-47.9760786849966,nan,nan,False,True
2025-03-11T21:30:00,9,3,nan,nan,nan,-49.67432418656348,nan,nan,False,True
2025-03-11T21:40:00,9,4,nan,nan,nan,-51.326065501176416,nan,nan,False,True
2025-03-11T21:50:00,9,5,nan,nan,nan,-52.92601038473347,nan,nan,False,True
2025-03-11T22:00:00,9,6,nan,nan,nan,-54.46806333383506,nan,nan,False,True
2025-03-11T22:10:00,9,7,nan,nan,nan,-55.945234396060535,nan,nan,False,True
2025-03-11T22:20:00,9,8,nan,nan,nan,-57.349559149177615,nan,nan,False,True
2025-03-11T22:30:00,9,9,nan,nan,nan,-58.672044264268735,nan,nan,False,True
2025-03-11T22:40:00,9,10,nan,nan,nan,-59.902659271306256,nan,nan,False,True
2025-03-11T22:50:00,9,11,nan,nan,nan,-61.03040165007125,nan,nan,False,True
2025-03-11T23:00:00,9,12,nan,nan,nan,-62.043467437981896,nan,nan,False,True
2025-03-11T23:10:00,9,13,nan,nan,nan,-62.92955988231529,nan,nan,False,True
2025-03-11T23:20:00,9,14,nan,nan,nan,-63.67635980772004,nan,nan,False,True
2025-03-11T23:30:00,9,15,nan,nan,nan,-64.27215899226947,nan,nan,False,True
2025-03-11T23:40:00,9,16,nan,nan,nan,-64.70662059716301,nan,nan,False,True
2025-03-11T23:50:00,9,17,nan,nan,nan,-64.97158437959145,nan,nan,False,True
2025-03-12T00:00:00,9,18,nan,nan,nan,-65.06179389025336,nan,nan,False,True
2025-03-12T00:10:00,9,19,nan,nan,nan,-64.97540864176416,nan,nan,False,True
2025-03-12T00:20:00,9,20,nan,nan,nan,-64.71419164736186,nan,nan,False,True
2025-03-12T00:30:00,9,21,nan,nan,nan,-64.28332969036339,nan,nan,False,True
2025-03-12T00:40:00,9,22,nan,nan,nan,-63.690927215992915,nan,nan,False,True
2025-03-12T00:50:00,9,23,nan,nan,nan,-62.94728236255792,nan,nan,False,True
2025-03-12T01:00:00,9,24,nan,nan,nan,-62.06408202443615,nan,nan,False,True
2025-03-12T01:10:00,9,25,nan,nan,nan,-61.05363940735778,nan,nan,False,True
2025-03-12T01:20:00,9,26,nan,nan,nan,-59.928257356463355,nan,nan,False,True
2025-03-12T01:30:00,9,27,nan,nan,nan,-58.69975435777871,nan,nan,False,True
2025-03-12T01:40:00,9,28,nan,nan,nan,-57.379152575406664,nan,nan,False,True
2025-03-12T01:50:00,9,29,nan,nan,nan,-55.97650458263949,nan,nan,False,True
2025-03-12T02:00:00,9,30,nan,nan,nan,-54.50082633644658,nan,nan,False,True
2025-03-12T02:10:00,9,31,nan,nan,nan,-52.96010413206056,nan,nan,False,True
2025-03-12T02:20:00,9,32,nan,nan,nan,-51.36134828036693,nan,nan,False,True
2025-03-12T02:30:00,9,33,nan,nan,nan,-49.71067274736471,nan,nan,False,True
2025-03-12T02:40:00,9,34,nan,nan,nan,-48.01338621728771,nan,nan,False,True
2025-03-12T02:50:00,9,35,nan,nan,nan,-46.27408508548763,nan,nan,False,True
2025-03-12T03:00:00,9,36,nan,nan,nan,-44.49674268781164,nan,nan,False,True
2025-03-12T03:10:00,9,37,nan,nan,nan,-42.68479167103436,nan,nan,False,True
2025-03-12T03:20:00,9,38,nan,nan,nan,-40.8411981684512,nan,nan,False,True
2025-03-12T03:30:00,9,39,nan,nan,nan,-38.9685275008618,nan,nan,False,True
2025-03-12T03:40:00,9,40,nan,nan,nan,-37.069001745408116,nan,nan,False,True
2025-03-12T03:50:00,9,41,nan,nan,nan,-35.14454986217303,nan,nan,False,True
2025-03-12T04:00:00,9,42,nan,nan,nan,-33.196851175612316,nan,nan,False,True
2025-03-12T04:10:00,9,43,nan,nan,nan,-31.22737307373925,nan,nan,False,True
2025-03-12T04:20:00,9,44,nan,nan,nan,-29.23740372819801,nan,nan,False,True
2025-03-12T04:30:00,9,45,nan,nan,nan,-27.22808060326834,nan,nan,False,True
2025-03-12T04:40:00,9,46,nan,nan,nan,-25.20041540866915,nan,nan,False,True
2025-03-12T04:50:00,9,47,nan,nan,nan,-23.155316109182415,nan,nan,False,True
2025-03-18T21:00:00,10,0,nan,nan,nan,-49.27589312158823,nan,nan,False,True
2025-03-18T21:10:00,10,1,nan,nan,nan,-50.9392789220914,nan,nan,False,True
2025-03-18T21:20:00,10,2,nan,nan,nan,-52.552208475784305,nan,nan,False,True
2025-03-18T21:30:00,10,3,nan,nan,nan,-54.10878642451805,nan,nan,False,True
2025-03-18T21:40:00,10,4,nan,nan,nan,-55.602243916709156,nan,nan,False,True
2025-03-18T21:50:00,10,5,nan,nan,nan,-57.024854727119795,nan,nan,False,True
2025-03-18T22:00:00,10,6,nan,nan,nan,-58.36787299162371,nan,nan,False,True
2025-03-18T22:10:00,10,7,nan,nan,nan,-59.62151160314514,nan,nan,False,True
2025-03-18T22:20:00,10,8,nan,nan,nan,-60.77498691062401,nan,nan,False,True
2025-03-18T22:30:00,10,9,nan,nan,nan,-61.81666099787254,nan,nan,False,True
2025-03-18T22:40:00,10,10,nan,nan,nan,-62.734314688140245,nan,nan,False,True
2025-03-18T22:50:00,10,11,nan,nan,nan,-63.51557818776729,nan,nan,False,True
2025-03-18T23:00:00,10,12,nan,nan,nan,-64.1485274265603,nan,nan,False,True
2025-03-18T23:10:00,10,13,nan,nan,nan,-64.62242024292274,nan,nan,False,True
2025-03-18T23:20:00,10,14,nan,nan,nan,-64.928501339376,nan,nan,False,True
2025-03-18T23:30:00,10,15,nan,nan,nan,-65.06076119911224,nan,nan,False,True
2025-03-18T23:40:00,10,16,nan,nan,nan,-65.01651178489851,nan,nan,False,True
2025-03-18T23:50:00,10,17,nan,nan,nan,-64.79665870876104,nan,nan,False,True
2025-03-19T00:00:00,10,18,nan,nan,nan,-64.40560851792706,nan,nan,False,True
2025-03-19T00:10:00,10,19,nan,nan,nan,-63.8508323066342,nan,nan,False,True
2025-03-19T00:20:00,10,20,nan,nan,nan,-63.142181128492744,nan,nan,False,True
2025-03-19T00:30:00,10,21,nan,nan,nan,-62.29108752305137,nan,nan,False,True
2025-03-19T00:40:00,10,22,nan,nan,nan,-61.309783130555395,nan,nan,False,True
2025-03-19T00:50:00,10,23,nan,nan,nan,-60.210626641808545,nan,nan,False,True
2025-03-19T01:00:00,10,24,nan,nan,nan,-59.00558966373249,nan,nan,False,True
2025-03-19T01:10:00,10,25,nan,nan,nan,-57.70590754475184,nan,nan,False,True
2025-03-19T01:20:00,10,26,nan,nan,nan,-56.32187582544844,nan,nan,False,True
2025-03-19T01:30:00,10,27,nan,nan,nan,-54.86276098476418,nan,nan,False,True
2025-03-19T01:40:00,10,28,nan,nan,nan,-53.33679254492721,nan,nan,False,True
2025-03-19T01:50:00,10,29,nan,nan,nan,-51.75120782849402,nan,nan,False,True
2025-03-19T02:00:00,10,30,nan,nan,nan,-50.11232703234796,nan,nan,False,True
2025-03-19T02:10:00,10,31,nan,nan,nan,-48.425642666324116,nan,nan,False,True
2025-03-19T02:20:00,10,32,nan,nan,nan,-46.6959127935865,nan,nan,False,True
2025-03-19T02:30:00,10,33,nan,nan,nan,-44.92725156040064,nan,nan,False,True
2025-03-19T02:40:00,10,34,nan,nan,nan,-43.123213417403335,nan,nan,False,True
2025-03-19T02:50:00,10,35,nan,nan,nan,-41.28686933031173,nan,nan,False,True
2025-03-19T03:00:00,10,36,nan,nan,nan,-39.42087451323482,nan,nan,False,True
2025-03-19T03:10:00,10,37,nan,nan,nan,-37.52752789807193,nan,nan,False,True
2025-03-19T03:20:00,10,38,nan,nan,nan,-35.60882397285531,nan,nan,False,True
2025-03-19T03:30:00,10,39,nan,nan,nan,-33.66649778087454,nan,nan,False,True
2025-03-19T03:40:00,10,40,nan,nan,nan,-31.702063923295263,nan,nan,False,True
2025-03-19T03:50:00,10,41,nan,nan,nan,-29.716850407804813,nan,nan,False,True
2025-03-19T04:00:00,10,42,nan,nan,nan,-27.712028091941566,nan,nan,False,True
2025-03-19T04:10:00,10,43,nan,nan,nan,-25.68863643176992,nan,nan,False,True
2025-03-19T04:20:00,10,44,nan,nan,nan,-23.647606139711566,nan,nan,False,True
2025-03-19T04:30:00,10,45,nan,nan,nan,-21.589779309822564,nan,nan,False,True
2025-03-19T04:40:00,10,46,nan,nan,nan,-19.515927463081844,nan,nan,False,True
2025-03-19T04:50:00,10,47,nan,nan,nan,-17.426767943166066,nan,nan,False,True
2025-03-25T21:00:00,11,0,nan,nan,nan,-53.72875695389133,nan,nan,False,True
2025-03-25T21:10:00,11,1,nan,nan,nan,-55.23850757609764,nan,nan,False,True
2025-03-25T21:20:00,11,2,nan,nan,nan,-56.67941742965441,nan,nan,False,True
2025-03-25T21:30:00,11,3,nan,nan,nan,-58.042997251198095,nan,nan,False,True
2025-03-25T21:40:00,11,4,nan,nan,nan,-59.319716872510085,nan,nan,False,True
2025-03-25T21:50:00,11,5,nan,nan,nan,-60.499030774095964,nan,nan,False,True
2025-03-25T22:00:00,11,6,nan,nan,nan,-61.56949309964648,nan,nan,False,True
2025-03-25T22:10:00,11,7,nan,nan,nan,-62.51899535943983,nan,nan,False,True
2025-03-25T22:20:00,11,8,nan,nan,nan,-63.33515629916224,nan,nan,False,True
2025-03-25T22:30:00,11,9,nan,nan,nan,-64.0058780287045,nan,nan,False,True
2025-03-25T22:40:00,11,10,nan,nan,nan,-64.5200523007576,nan,nan,False,True
2025-03-25T22:50:00,11,11,nan,nan,nan,-64.86835757956145,nan,nan,False,True
2025-03-25T23:00:00,11,12,nan,nan,nan,-65.04404176712787,nan,nan,False,True
2025-03-25T23:10:00,11,13,nan,nan,nan,-65.04355584197997,nan,nan,False,True
2025-03-25T23:20:00,11,14,nan,nan,nan,-64.86690976828903,nan,nan,False,True
2025-03-25T23:30:00,11,15,nan,nan,nan,-64.51767147530447,nan,nan,False,True
2025-03-25T23:40:00,11,16,nan,nan,nan,-64.00260913977469,nan,nan,False,True
2025-03-25T23:50:00,11,17,nan,nan,nan,-63.33105634842772,nan,nan,False,True
2025-03-26T00:00:00,11,18,nan,nan,nan,-62.514128939621436,nan,nan,False,True
2025-03-26T00:10:00,11,19,nan,nan,nan,-61.56392818771653,nan,nan,False,True
2025-03-26T00:20:00,11,20,nan,nan,nan,-60.49283522210193,nan,nan,False,True
2025-03-26T00:30:00,11,21,nan,nan,nan,-59.31295581206363,nan,nan,False,True
2025-03-26T00:40:00,11,22,nan,nan,nan,-58.03573139050165,nan,nan,False,True
2025-03-26T00:50:00,11,23,nan,nan,nan,-56.671702116592435,nan,nan,False,True
2025-03-26T01:00:00,11,24,nan,nan,nan,-55.23039244437402,nan,nan,False,True
2025-03-26T01:10:00,11,25,nan,nan,nan,-53.72028597037605,nan,nan,False,True
2025-03-26T01:20:00,11,26,nan,nan,nan,-52.14885947787678,nan,nan,False,True
2025-03-26T01:30:00,11,27,nan,nan,nan,-50.52265221730349,nan,nan,False,True
2025-03-26T01:40:00,11,28,nan,nan,nan,-48.84735294978726,nan,nan,False,True
2025-03-26T01:50:00,11,29,nan,nan,nan,-47.12789297784184,nan,nan,False,True
2025-03-26T02:00:00,11,30,nan,nan,nan,-45.368537772601925,nan,nan,False,True
2025-03-26T02:10:00,11,31,nan,nan,nan,-43.57297296658804,nan,nan,False,True
2025-03-26T02:20:00,11,32,nan,nan,nan,-41.74438263453455,nan,nan,False,True
2025-03-26T02:30:00,11,33,nan,nan,nan,-39.88551911580327,nan,nan,False,True
2025-03-26T02:40:00,11,34,nan,nan,nan,-37.99876448474671,nan,nan,False,True
2025-03-26T02:50:00,11,35,nan,nan,nan,-36.08618420372483,nan,nan,False,True
2025-03-26T03:00:00,11,36,nan,nan,nan,-34.1495737413151,nan,nan,False,True
2025-03-26T03:10:00,11,37,nan,nan,nan,-32.1904989793882,nan,nan,False,True
2025-03-26T03:20:00,11,38,nan,nan,nan,-30.210331260758807,nan,nan,False,True
2025-03-26T03:30:00,11,39,nan,nan,nan,-28.210277858015907,nan,nan,False,True
2025-03-26T03:40:00,11,40,nan,nan,nan,-26.19140857182159,nan,nan,False,True
2025-03-26T03:50:00,11,41,nan,nan,nan,-24.154679109781657,nan,nan,False,True
2025-03-26T04:00:00,11,42,nan,nan,nan,-22.100951784360035,nan,nan,False,True
2025-03-26T04:10:00,11,43,nan,nan,nan,-20.031014036221368,nan,nan,False,True
2025-03-26T04:20:00,11,44,nan,nan,nan,-17.945595198700065,nan,nan,False,True
2025-03-26T04:30:00,11,45,nan,nan,nan,-15.845381896938731,nan,nan,False,True
2025-03-26T04:40:00,11,46,nan,nan,nan,-13.731032393025568,nan,nan,False,True
2025-03-26T04:50:00,11,47,nan,nan,nan,-11.603190191787842,nan,nan,False,True
2025-04-01T21:00:00,12,0,nan,nan,nan,-57.71539211885171,nan,nan,False,True
2025-04-01T21:10:00,12,1,nan,nan,nan,-59.014607111718796,nan,nan,False,True
2025-04-01T21:20:00,12,2,nan,nan,nan,-60.21911828314396,nan,nan,False,True
2025-04-01T21:30:00,12,3,nan,nan,nan,-61.31768445353521,nan,nan,False,True
2025-04-01T21:40:00,12,4,nan,nan,nan,-62.298329421236694,nan,nan,False,True
2025-04-01T21:50:00,12,5,nan,nan,nan,-63.14869204075402,nan,nan,False,True
2025-04-01T22:00:00,12,6,nan,nan,nan,-63.856541364928866,nan,nan,False,True
2025-04-01T22:10:00,12,7,nan,nan,nan,-64.41044962509038,nan,nan,False,True
2025-04-01T22:20:00,12,8,nan,nan,nan,-64.80057520489227,nan,nan,False,True
2025-04-01T22:30:00,12,9,nan,nan,nan,-65.01946108255038,nan,nan,False,True
2025-04-01T22:40:00,12,10,nan,nan,nan,-65.06271860144385,nan,nan,False,True
2025-04-01T22:50:00,12,11,nan,nan,nan,-64.92946227808845,nan,nan,False,True
2025-04-01T23:00:00,12,12,nan,nan,nan,-64.62240047365458,nan,nan,False,True
2025-04-01T23:10:00,12,13,nan,nan,nan,-64.14756117908377,nan,nan,False,True
2025-04-01T23:20:00,12,14,nan,nan,nan,-63.513714724647954,nan,nan,False,True
2025-04-01T23:30:00,12,15,nan,nan,nan,-62.73161399802196,nan,nan,False,True
2025-04-01T23:40:00,12,16,nan,nan,nan,-61.813189374070326,nan,nan,False,True
2025-04-01T23:50:00,12,17,nan,nan,nan,-60.77081299959958,nan,nan,False,True
2025-04-02T00:00:00,12,18,nan,nan,nan,-59.61670325687633,nan,nan,False,True
2025-04-02T00:10:00,12,19,nan,nan,nan,-58.36249500965874,nan,nan,False,True
2025-04-02T00:20:00,12,20,nan,nan,nan,-57.018967441192885,nan,nan,False,True
2025-04-02T00:30:00,12,21,nan,nan,nan,-55.59590243593686,nan,nan,False,True
2025-04-02T00:40:00,12,22,nan,nan,nan,-54.10204038378984,nan,nan,False,True
2025-04-02T00:50:00,12,23,nan,nan,nan,-52.54510212721144,nan,nan,False,True
2025-04-02T01:00:00,12,24,nan,nan,nan,-50.931851437417905,nan,nan,False,True
2025-04-02T01:10:00,12,25,nan,nan,nan,-49.26817900611803,nan,nan,False,True
2025-04-02T01:20:00,12,26,nan,nan,nan,-47.559194863294934,nan,nan,False,True
2025-04-02T01:30:00,12,27,nan,nan,nan,-45.80932088074529,nan,nan,False,True
2025-04-02T01:40:00,12,28,nan,nan,nan,-44.02237844186525,nan,nan,False,True
2025-04-02T01:50:00,12,29,nan,nan,nan,-42.201668753889486,nan,nan,False,True
2025-04-02T02:00:00,12,30,nan,nan,nan,-40.350044792812874,nan,nan,False,True
2025-04-02T02:10:00,12,31,nan,nan,nan,-38.469974805891965,nan,nan,False,True
2025-04-02T02:20:00,12,32,nan,nan,nan,-36.563597846926356,nan,nan,False,True
2025-04-02T02:30:00,12,33,nan,nan,nan,-34.63277205404215,nan,nan,False,True
2025-04-02T02:40:00,12,34,nan,nan,nan,-32.67911652019778,nan,nan,False,True
2025-04-02T02:50:00,12,35,nan,nan,nan,-30.704047588745595,nan,nan,False,True
2025-04-02T03:00:00,12,36,nan,nan,nan,-28.70881039150248,nan,nan,False,True
2025-04-02T03:10:00,12,37,nan,nan,nan,-26.694506341500126,nan,nan,False,True
2025-04-02T03:20:00,12,38,nan,nan,nan,-24.662117250607825,nan,nan,False,True
2025-04-02T03:30:00,12,39,nan,nan,nan,-22.61252664490085,nan,nan,False,True
2025-04-02T03:40:00,12,40,nan,nan,nan,-20.546538778479825,nan,nan,False,True
2025-04-02T03:50:00,12,41,nan,nan,nan,-18.464895804789954,nan,nan,False,True
2025-04-02T04:00:00,12,42,nan,nan,nan,-16.36829347217675,nan,nan,False,True
2025-04-02T04:10:00,12,43,nan,nan,nan,-14.257395703900382,nan,nan,False,True
2025-04-02T04:20:00,12,44,nan,nan,nan,-12.132848355670031,nan,nan,False,True
2025-04-02T04:30:00,12,45,nan,nan,nan,-9.995292446037652,nan,nan,False,True
2025-04-02T04:40:00,12,46,nan,nan,nan,-7.845377094108314,nan,nan,False,True
2025-04-02T04:50:00,12,47,nan,nan,nan,-5.683772423960201,nan,nan,False,True
2025-04-08T21:00:00,13,0,nan,nan,nan,-61.05375168064355,nan,nan,False,True
2025-04-08T21:10:00,13,1,nan,nan,nan,-62.06508842755274,nan,nan,False,True
2025-04-08T21:20:00,13,2,nan,nan,nan,-62.94924277016445,nan,nan,False,True
2025-04-08T21:30:00,13,3,nan,nan,nan,-63.6938927584916,nan,nan,False,True
2025-04-08T21:40:00,13,4,nan,nan,nan,-64.28733822907618,nan,nan,False,True
2025-04-08T21:50:00,13,5,nan,nan,nan,-64.71926342455716,nan,nan,False,True
2025-04-08T22:00:00,13,6,nan,nan,nan,-64.98154288771565,nan,nan,False,True
2025-04-08T22:10:00,13,7,nan,nan,nan,-65.06896717318541,nan,nan,False,True
2025-04-08T22:20:00,13,8,nan,nan,nan,-64.97975122675176,nan,nan,False,True
2025-04-08T22:30:00,13,9,nan,nan,nan,-64.71571643521713,nan,nan,False,True
2025-04-08T22:40:00,13,10,nan,nan,nan,-64.28210491333019,nan,nan,False,True
2025-04-08T22:50:00,13,11,nan,nan,nan,-63.687068282333925,nan,nan,False,True
2025-04-08T23:00:00,13,12,nan,nan,nan,-62.94094044456912,nan,nan,False,True
2025-04-08T23:10:00,13,13,nan,nan,nan,-62.05543156122318,nan,nan,False,True
2025-04-08T23:20:00,13,14,nan,nan,nan,-61.042866379058424,nan,nan,False,True
2025-04-08T23:30:00,13,15,nan,nan,nan,-59.91554951881504,nan,nan,False,True
2025-04-08T23:40:00,13,16,nan,nan,nan,-58.685293924201446,nan,nan,False,True
2025-04-08T23:50:00,13,17,nan,nan,nan,-57.36311130306941,nan,nan,False,True
2025-04-09T00:00:00,13,18,nan,nan,nan,-55.95904091142104,nan,nan,False,True
2025-04-09T00:10:00,13,19,nan,nan,nan,-54.48208410423588,nan,nan,False,True
2025-04-09T00:20:00,13,20,nan,nan,nan,-52.940212402777256,nan,nan,False,True
2025-04-09T00:30:00,13,21,nan,nan,nan,-51.34042189808351,nan,nan,False,True
2025-04-09T00:40:00,13,22,nan,nan,nan,-49.68881331313853,nan,nan,False,True
2025-04-09T00:50:00,13,23,nan,nan,nan,-47.990683281130146,nan,nan,False,True
2025-04-09T01:00:00,13,24,nan,nan,nan,-46.25061740794738,nan,nan,False,True
2025-04-09T01:10:00,13,25,nan,nan,nan,-44.47257947833418,nan,nan,False,True
2025-04-09T01:20:00,13,26,nan,nan,nan,-42.65999375516175,nan,nan,False,True
2025-04-09T01:30:00,13,27,nan,nan,nan,-40.815819063007424,nan,nan,False,True
2025-04-09T01:40:00,13,28,nan,nan,nan,-38.942614378179606,nan,nan,False,True
2025-04-09T01:50:00,13,29,nan,nan,nan,-37.04259629668516,nan,nan,False,True
2025-04-09T02:00:00,13,30,nan,nan,nan,-35.11768905632951,nan,nan,False,True
2025-04-09T02:10:00,13,31,nan,nan,nan,-33.169567927471235,nan,nan,False,True
2025-04-09T02:20:00,13,32,nan,nan,nan,-31.19969683589646,nan,nan,False,True
2025-04-09T02:30:00,13,33,nan,nan,nan,-29.209361012989397,nan,nan,False,True
2025-04-09T02:40:00,13,34,nan,nan,nan,-27.19969544047542,nan,nan,False,True
2025-04-09T02:50:00,13,35,nan,nan,nan,-25.171709752118062,nan,nan,False,True
2025-04-09T03:00:00,13,36,nan,nan,nan,-23.126310205919708,nan,nan,False,True
2025-04-09T03:10:00,13,37,nan,nan,nan,-21.06431922935496,nan,nan,False,True
2025-04-09T03:20:00,13,38,nan,nan,nan,-18.986493011193147,nan,nan,False,True
2025-04-09T03:30:00,13,39,nan,nan,nan,-16.893537535934108,nan,nan,False,True
2025-04-09T03:40:00,13,40,nan,nan,nan,-14.786123408733165,nan,nan,False,True
2025-04-09T03:50:00,13,41,nan,nan,nan,-12.664899801937132,nan,nan,False,True
2025-04-09T04:00:00,13,42,nan,nan,nan,-10.530507785357107,nan,nan,False,True
2025-04-09T04:10:00,13,43,nan,nan,nan,-8.38359331903846,nan,nan,False,True
2025-04-09T04:20:00,13,44,nan,nan,nan,-6.224820140806438,nan,nan,False,True
2025-04-09T04:30:00,13,45,nan,nan,nan,-4.054882803460849,nan,nan,False,True
2025-04-09T04:40:00,13,46,nan,nan,nan,-1.8745200738848116,nan,nan,False,True
2025-04-09T04:50:00,13,47,nan,nan,nan,0.3154710496213475,nan,nan,False,True
2025-04-15T21:00:00,14,0,nan,nan,nan,-63.527565419090735,nan,nan,False,True
2025-04-15T21:10:00,14,1,nan,nan,nan,-64.1581361684605,nan,nan,False,True
2025-04-15T21:20:00,14,2,nan,nan,nan,-64.62949297409976,nan,nan,False,True
2025-04-15T21:30:00,14,3,nan,nan,nan,-64.93291687652942,nan,nan,False,True
2025-04-15T21:40:00,14,4,nan,nan,nan,-65.0624456567596,nan,nan,False,True
2025-04-15T21:50:00,14,5,nan,nan,nan,-65.0154457280174,nan,nan,False,True
2025-04-15T22:00:00,14,6,nan,nan,nan,-64.79287894765525,nan,nan,False,True
2025-04-15T22:10:00,14,7,nan,nan,nan,-64.3992041548339,nan,nan,False,True
2025-04-15T22:20:00,14,8,nan,nan,nan,-63.84193595635549,nan,nan,False,True
2025-04-15T22:30:00,14,9,nan,nan,nan,-63.13095718073397,nan,nan,False,True
2025-04-15T22:40:00,14,10,nan,nan,nan,-62.27771960371758,nan,nan,False,True
2025-04-15T22:50:00,14,11,nan,nan,nan,-61.29446257611644,nan,nan,False,True
2025-04-15T23:00:00,14,12,nan,nan,nan,-60.193543114929724,nan,nan,False,True
2025-04-15T23:10:00,14,13,nan,nan,nan,-58.98692433372479,nan,nan,False,True
2025-04-15T23:20:00,14,14,nan,nan,nan,-57.685828724185754,nan,nan,False,True
2025-04-15T23:30:00,14,15,nan,nan,nan,-56.3005366505778,nan,nan,False,True
2025-04-15T23:40:00,14,16,nan,nan,nan,-54.84029862548286,nan,nan,False,True
2025-04-15T23:50:00,14,17,nan,nan,nan,-53.31332846148654,nan,nan,False,True
2025-04-16T00:00:00,14,18,nan,nan,nan,-51.72684868034051,nan,nan,False,True
2025-04-16T00:10:00,14,19,nan,nan,nan,-50.087165930006336,nan,nan,False,True
2025-04-16T00:20:00,14,20,nan,nan,nan,-48.39976058170271,nan,nan,False,True
2025-04-16T00:30:00,14,21,nan,nan,nan,-46.669379968363586,nan,nan,False,True
2025-04-16T00:40:00,14,22,nan,nan,nan,-44.90012885068428,nan,nan,False,True
2025-04-16T00:50:00,14,23,nan,nan,nan,-43.09555353395786,nan,nan,False,True
2025-04-16T01:00:00,14,24,nan,nan,nan,-41.25871795363546,nan,nan,False,True
2025-04-16T01:10:00,14,25,nan,nan,nan,-39.39227127707514,nan,nan,False,True
2025-04-16T01:20:00,14,26,nan,nan,nan,-37.49850725117717,nan,nan,False,True
2025-04-16T01:30:00,14,27,nan,nan,nan,-35.579415934615966,nan,nan,False,True
2025-04-16T01:40:00,14,28,nan,nan,nan,-33.63672859340573,nan,nan,False,True
2025-04-16T01:50:00,14,29,nan,nan,nan,-31.67195662264497,nan,nan,False,True
2025-04-16T02:00:00,14,30,nan,nan,nan,-29.686425316336713,nan,nan,False,True
2025-04-16T02:10:00,14,31,nan,nan,nan,-27.68130324800536,nan,nan,False,True
2025-04-16T02:20:00,14,32,nan,nan,nan,-25.657627971001165,nan,nan,False,True
2025-04-16T02:30:00,14,33,nan,nan,nan,-23.616328632742476,nan,nan,False,True
2025-04-16T02:40:00,14,34,nan,nan,nan,-21.55824605991857,nan,nan,False,True
2025-04-16T02:50:00,14,35,nan,nan,nan,-19.484150774651507,nan,nan,False,True
2025-04-16T03:00:00,14,36,nan,nan,nan,-17.394759372718642,nan,nan,False,True
2025-04-16T03:10:00,14,37,nan,nan,nan,-15.290749606251548,nan,nan,False,True
2025-04-16T03:20:00,14,38,nan,nan,nan,-13.172774510246127,nan,nan,False,True
2025-04-16T03:30:00,14,39,nan,nan,nan,-11.041475858098632,nan,nan,False,True
2025-04-16T03:40:00,14,40,nan,nan,nan,-8.897497206598292,nan,nan,False,True
2025-04-16T03:50:00,14,41,nan,nan,nan,-6.741496795761977,nan,nan,False,True
2025-04-16T04:00:00,14,42,nan,nan,nan,-4.5741605195378705,nan,nan,False,True
2025-04-16T04:10:00,14,43,nan,nan,nan,-2.3962152199457463,nan,nan,False,True
2025-04-16T04:20:00,14,44,nan,nan,nan,-0.2084425287738787,nan,nan,False,True
2025-04-16T04:30:00,14,45,nan,nan,nan,1.9883064774754298,nan,nan,False,True
2025-04-16T04:40:00,14,46,nan,nan,nan,4.193095567843838,nan,nan,False,True
2025-04-16T04:50:00,14,47,nan,nan,47.137873794087895,6.4048862865948335,nan,-52.56348333528562,False,False
2025-04-22T21:00:00,15,0,nan,nan,nan,-64.8727210145797,nan,nan,False,True
2025-04-22T21:10:00,15,1,nan,nan,nan,-65.04576505714638,nan,nan,False,True
2025-04-22T21:20:00,15,2,nan,nan,nan,-65.04260940666627,nan,nan,False,True
2025-04-22T21:30:00,15,3,nan,nan,nan,-64.86331871021558,nan,nan,False,True
2025-04-22T21:40:00,15,4,nan,nan,nan,-64.511512893414,nan,nan,False,True
2025-04-22T21:50:00,15,5,nan,nan,nan,-63.99400446392195,nan,nan,False,True
2025-04-22T22:00:00,15,6,nan,nan,nan,-63.32016035882601,nan,nan,False,True
2025-04-22T22:10:00,15,7,nan,nan,nan,-62.50111756151851,nan,nan,False,True
2025-04-22T22:20:00,15,8,nan,nan,nan,-61.548986936216906,nan,nan,False,True
2025-04-22T22:30:00,15,9,nan,nan,nan,-60.47614957648418,nan,nan,False,True
2025-04-22T22:40:00,15,10,nan,nan,nan,-59.294704044277175,nan,nan,False,True
2025-04-22T22:50:00,15,11,nan,nan,nan,-58.016079850764214,nan,nan,False,True
2025-04-22T23:00:00,15,12,nan,nan,nan,-56.6508026096185,nan,nan,False,True
2025-04-22T23:10:00,15,13,nan,nan,nan,-55.208381206700125,nan,nan,False,True
2025-04-22T23:20:00,15,14,nan,nan,nan,-53.69728376512695,nan,nan,False,True
2025-04-22T23:30:00,15,15,nan,nan,nan,-52.12497239372061,nan,nan,False,True
2025-04-22T23:40:00,15,16,nan,nan,nan,-50.49797285611016,nan,nan,False,True
2025-04-22T23:50:00,15,17,nan,nan,nan,-48.821961787162806,nan,nan,False,True
2025-04-23T00:00:00,15,18,nan,nan,nan,-47.101859758692136,nan,nan,False,True
2025-04-23T00:10:00,15,19,nan,nan,nan,-45.341922853403766,nan,nan,False,True
2025-04-23T00:20:00,15,20,nan,nan,nan,-43.545828542111856,nan,nan,False,True
2025-04-23T00:30:00,15,21,nan,nan,nan,-41.71675385609583,nan,nan,False,True
2025-04-23T00:40:00,15,22,nan,nan,nan,-39.85744507693292,nan,nan,False,True
2025-04-23T00:50:00,15,23,nan,nan,nan,-37.970279089214586,nan,nan,False,True
2025-04-23T01:00:00,15,24,nan,nan,nan,-36.0573169222709,nan,nan,False,True
2025-04-23T01:10:00,15,25,nan,nan,nan,-34.12035026499882,nan,nan,False,True
2025-04-23T01:20:00,15,26,nan,nan,nan,-32.16094178611492,nan,nan,False,True
2025-04-23T01:30:00,15,27,nan,nan,nan,-30.180460112272065,nan,nan,False,True
2025-04-23T01:40:00,15,28,nan,nan,nan,-28.180110228463942,nan,nan,False,True
2025-04-23T01:50:00,15,29,nan,nan,nan,-26.160960028233085,nan,nan,False,True
2025-04-23T02:00:00,15,30,nan,nan,nan,-24.12396364305398,nan,nan,False,True
2025-04-23T02:10:00,15,31,nan,nan,nan,-22.06998210367484,nan,nan,False,True
2025-04-23T02:20:00,15,32,nan,nan,nan,-19.999801838190816,nan,nan,False,True
2025-04-23T02:30:00,15,33,nan,nan,nan,-17.914151413063202,nan,nan,False,True
2025-04-23T02:40:00,15,34,nan,nan,nan,-15.813716909721945,nan,nan,False,True
2025-04-23T02:50:00,15,35,nan,nan,nan,-13.699156256163123,nan,nan,False,True
2025-04-23T03:00:00,15,36,nan,nan,nan,-11.571112829118121,nan,nan,False,True
2025-04-23T03:10:00,15,37,nan,nan,nan,-9.430228576094066,nan,nan,False,True
2025-04-23T03:20:00,15,38,nan,nan,nan,-7.277156926181736,nan,nan,False,True
2025-04-23T03:30:00,15,39,nan,nan,nan,-5.112575724354663,nan,nan,False,True
2025-04-23T03:40:00,15,40,nan,nan,nan,-2.937200418615222,nan,nan,False,True
2025-04-23T03:50:00,15,41,nan,nan,nan,-0.7517977532012774,nan,nan,False,True
2025-04-23T04:00:00,15,42,nan,nan,nan,1.4427998102897341,nan,nan,False,True
2025-04-23T04:10:00,15,43,nan,nan,nan,3.6456786664164342,nan,nan,False,True
2025-04-23T04:20:00,15,44,nan,nan,53.91074626470324,5.855827365662118,nan,-59.07449721325903,False,False
2025-04-23T04:30:00,15,45,nan,nan,53.98390476333906,8.072118309505598,nan,-59.08102820099945,False,False
2025-04-23T04:40:00,15,46,nan,nan,54.07179440039198,10.293287511727602,nan,-59.087559299559125,False,False
2025-04-23T04:50:00,15,47,nan,nan,54.17450456183288,12.51791200731299,nan,-59.09409050884125,False,False
2025-04-29T21:00:00,16,0,nan,nan,nan,-64.9167834688334,nan,nan,False,True
2025-04-29T21:10:00,16,1,nan,nan,nan,-64.6074723314686,nan,nan,False,True
2025-04-29T21:20:00,16,2,nan,nan,nan,-64.1305387487769,nan,nan,False,True
2025-04-29T21:30:00,16,3,nan,nan,nan,-63.494776851140124,nan,nan,False,True
2025-04-29T21:40:00,16,4,nan,nan,nan,-62.7109510541062,nan,nan,False,True
2025-04-29T21:50:00,16,5,nan,nan,nan,-61.79099239030065,nan,nan,False,True
2025-04-29T22:00:00,16,6,nan,nan,nan,-60.7472652204245,nan,nan,False,True
2025-04-29T22:10:00,16,7,nan,nan,nan,-59.59197442201046,nan,nan,False,True
2025-04-29T22:20:00,16,8,nan,nan,nan,-58.33673813642941,nan,nan,False,True
2025-04-29T22:30:00,16,9,nan,nan,nan,-56.99231758703949,nan,nan,False,True
2025-04-29T22:40:00,16,10,nan,nan,nan,-55.56847687910996,nan,nan,False,True
2025-04-29T22:50:00,16,11,nan,nan,nan,-54.073939693561805,nan,nan,False,True
2025-04-29T23:00:00,16,12,nan,nan,nan,-52.51641171177627,nan,nan,False,True
2025-04-29T23:10:00,16,13,nan,nan,nan,-50.90264328429579,nan,nan,False,True
2025-04-29T23:20:00,16,14,nan,nan,nan,-49.23851343247882,nan,nan,False,True
2025-04-29T23:30:00,16,15,nan,nan,nan,-47.529122164515854,nan,nan,False,True
2025-04-29T23:40:00,16,16,nan,nan,nan,-45.77888281850026,nan,nan,False,True
2025-04-29T23:50:00,16,17,nan,nan,nan,-43.99160955493555,nan,nan,False,True
2025-04-30T00:00:00,16,18,nan,nan,nan,-42.17059749718461,nan,nan,False,True
2025-04-30T00:10:00,16,19,nan,nan,nan,-40.318694502240405,nan,nan,False,True
2025-04-30T00:20:00,16,20,nan,nan,nan,-38.43836453659033,nan,nan,False,True
2025-04-30T00:30:00,16,21,nan,nan,nan,-36.531743063413785,nan,nan,False,True
2025-04-30T00:40:00,16,22,nan,nan,nan,-34.60068521598292,nan,nan,False,True
2025-04-30T00:50:00,16,23,nan,nan,nan,-32.646807580079006,nan,nan,False,True
2025-04-30T01:00:00,16,24,nan,nan,nan,-30.671524412759126,nan,nan,False,True
2025-04-30T01:10:00,16,25,nan,nan,nan,-28.676079112734566,nan,nan,False,True
2025-04-30T01:20:00,16,26,nan,nan,nan,-26.661571660670045,nan,nan,False,True
2025-04-30T01:30:00,16,27,nan,nan,nan,-24.62898269941134,nan,nan,False,True
2025-04-30T01:40:00,16,28,nan,nan,nan,-22.579194809548532,nan,nan,False,True
2025-04-30T01:50:00,16,29,nan,nan,nan,-20.5130115009542,nan,nan,False,True
2025-04-30T02:00:00,16,30,nan,nan,nan,-18.43117435690519,nan,nan,False,True
2025-04-30T02:10:00,16,31,nan,nan,nan,-16.334378712770405,nan,nan,False,True
2025-04-30T02:20:00,16,32,nan,nan,nan,-14.223288227869674,nan,nan,False,True
2025-04-30T02:30:00,16,33,nan,nan,nan,-12.098548634395488,nan,nan,False,True
2025-04-30T02:40:00,16,34,nan,nan,nan,-9.960800958041409,nan,nan,False,True
2025-04-30T02:50:00,16,35,nan,nan,nan,-7.810694453494607,nan,nan,False,True
2025-04-30T03:00:00,16,36,nan,nan,nan,-5.64889951519573,nan,nan,False,True
2025-04-30T03:10:00,16,37,nan,nan,nan,-3.476120776698283,nan,nan,False,True
2025-04-30T03:20:00,16,38,nan,nan,nan,-1.293110650683243,nan,nan,False,True
2025-04-30T03:30:00,16,39,nan,nan,nan,0.8993164541567323,nan,nan,False,True
2025-04-30T03:40:00,16,40,nan,nan,nan,3.1002689901910165,nan,nan,False,True
2025-04-30T03:50:00,16,41,nan,nan,60.66008213977998,5.3087619089443985,nan,-65.6752894458462,False,False
2025-04-30T04:00:00,16,42,nan,nan,60.72956880103951,7.523698799017623,nan,-65.68189094100082,False,False
2025-04-30T04:10:00,16,43,nan,nan,60.813699656465104,9.743852164040618,nan,-65.68849254053725,False,False
2025-04-30T04:20:00,16,44,nan,nan,60.91257132819974,11.967841466332569,nan,-65.69509424728028,False,False
2025-04-30T04:30:00,16,45,nan,nan,61.02624715174807,14.194108472262394,nan,-65.70169606010786,False,False
2025-04-30T04:40:00,16,46,nan,nan,61.154754703602286,16.420889409102582,nan,-65.70829797921989,False,False
2025-04-30T04:50:00,16,47,nan,nan,61.29808332142399,18.646183322875142,nan,-65.7149000048027,False,False
2025-05-06T21:00:00,17,0,nan,nan,nan,-63.66941915414584,nan,nan,False,True
2025-05-06T21:10:00,17,1,nan,nan,nan,-62.92148150069814,nan,nan,False,True
2025-05-06T21:20:00,17,2,nan,nan,nan,-62.03435276265899,nan,nan,False,True
2025-05-06T21:30:00,17,3,nan,nan,nan,-61.020352785104876,nan,nan,False,True
2025-05-06T21:40:00,17,4,nan,nan,nan,-59.89177471825218,nan,nan,False,True
2025-05-06T21:50:00,17,5,nan,nan,nan,-58.6604160436134,nan,nan,False,True
2025-05-06T22:00:00,17,6,nan,nan,nan,-57.33727115421288,nan,nan,False,True
2025-05-06T22:10:00,17,7,nan,nan,nan,-55.932361712299205,nan,nan,False,True
2025-05-06T22:20:00,17,8,nan,nan,nan,-54.45467223678699,nan,nan,False,True
2025-05-06T22:30:00,17,9,nan,nan,nan,-52.912158781089225,nan,nan,False,True
2025-05-06T22:40:00,17,10,nan,nan,nan,-51.311803607491576,nan,nan,False,True
2025-05-06T22:50:00,17,11,nan,nan,nan,-49.65969532161341,nan,nan,False,True
2025-05-06T23:00:00,17,12,nan,nan,nan,-47.961120082645834,nan,nan,False,True
2025-05-06T23:10:00,17,13,nan,nan,nan,-46.22065453129921,nan,nan,False,True
2025-05-06T23:20:00,17,14,nan,nan,nan,-44.44225483448668,nan,nan,False,True
2025-05-06T23:30:00,17,15,nan,nan,nan,-42.629338813624585,nan,nan,False,True
2025-05-06T23:40:00,17,16,nan,nan,nan,-40.784859861076455,nan,nan,False,True
2025-05-06T23:50:00,17,17,nan,nan,nan,-38.91137238161941,nan,nan,False,True
2025-05-07T00:00:00,17,18,nan,nan,nan,-37.011089134621784,nan,nan,False,True
2025-05-07T00:10:00,17,19,nan,nan,nan,-35.085931140025714,nan,nan,False,True
2025-05-07T00:20:00,17,20,nan,nan,nan,-33.13757097462901,nan,nan,False,True
2025-05-07T00:30:00,17,21,nan,nan,nan,-31.167470313704822,nan,nan,False,True
2025-05-07T00:40:00,17,22,nan,nan,nan,-29.176912513071574,nan,nan,False,True
2025-05-07T00:50:00,17,23,nan,nan,nan,-27.167031002970326,nan,nan,False,True
2025-05-07T01:00:00,17,24,nan,nan,nan,-25.13883414476472,nan,nan,False,True
2025-05-07T01:10:00,17,25,nan,nan,nan,-23.093227162349134,nan,nan,False,True
2025-05-07T01:20:00,17,26,nan,nan,nan,-21.03103165776201,nan,nan,False,True
2025-05-07T01:30:00,17,27,nan,nan,nan,-18.95300318509366,nan,nan,False,True
2025-05-07T01:40:00,17,28,nan,nan,nan,-16.859847261374153,nan,nan,False,True
2025-05-07T01:50:00,17,29,nan,nan,nan,-14.752234183327642,nan,nan,False,True
2025-05-07T02:00:00,17,30,nan,nan,nan,-12.63081295877178,nan,nan,False,True
2025-05-07T02:10:00,17,31,nan,nan,nan,-10.496224630698165,nan,nan,False,True
2025-05-07T02:20:00,17,32,nan,nan,nan,-8.349115271545385,nan,nan,False,True
2025-05-07T02:30:00,17,33,nan,nan,nan,-6.190148871006616,nan,nan,False,True
2025-05-07T02:40:00,17,34,nan,nan,nan,-4.020020371783132,nan,nan,False,True
2025-05-07T02:50:00,17,35,nan,nan,nan,-1.839469074762409,nan,nan,False,True
2025-05-07T03:00:00,17,36,nan,nan,nan,0.35070732880215694,nan,nan,False,True
2025-05-07T03:10:00,17,37,nan,nan,nan,2.5496378696804003,nan,nan,False,True
2025-05-07T03:20:00,17,38,nan,nan,nan,4.756362270863044,nan,nan,False,True
2025-05-07T03:30:00,17,39,nan,nan,67.45758524922987,6.969813484833747,nan,-72.39196237142136,False,False
2025-05-07T03:40:00,17,40,nan,nan,67.53808235137322,9.188798472520531,nan,-72.39871772366483,False,False
2025-05-07T03:50:00,17,41,nan,nan,67.63324508882663,11.411976830795808,nan,-72.40547320185912,False,False
2025-05-07T04:00:00,17,42,nan,nan,67.74314441072431,13.63783686174652,nan,-72.41222880586913,False,False
2025-05-07T04:10:00,17,43,nan,nan,67.86781605397617,15.86466856956385,nan,-72.41898453424068,False,False
2025-05-07T04:20:00,17,44,nan,nan,68.00725807199753,18.09053302691857,nan,-72.42574038946351,False,False
2025-05-07T04:30:00,17,45,nan,nan,68.16142837357111,20.31322743263341,nan,-72.43249637008137,False,False
2025-05-07T04:40:00,17,46,nan,nan,68.33024232938709,22.53024512866309,nan,-72.43925247595953,False,False
2025-05-07T04:50:00,17,47,nan,nan,68.51357046200096,24.738729703842917,nan,-72.44600870695768,False,False
2025-05-13T21:00:00,18,0,nan,nan,nan,-61.269509220052434,nan,nan,False,True
2025-05-13T21:10:00,18,1,nan,nan,nan,-60.16764025565845,nan,nan,False,True
2025-05-13T21:20:00,18,2,nan,nan,nan,-58.9602143284446,nan,nan,False,True
2025-05-13T21:30:00,18,3,nan,nan,nan,-57.658435316901354,nan,nan,False,True
2025-05-13T21:40:00,18,4,nan,nan,nan,-56.2725654167444,nan,nan,False,True
2025-05-13T21:50:00,18,5,nan,nan,nan,-54.81183829838764,nan,nan,False,True
2025-05-13T22:00:00,18,6,nan,nan,nan,-53.28445270923803,nan,nan,False,True
2025-05-13T22:10:00,18,7,nan,nan,nan,-51.69761802978054,nan,nan,False,True
2025-05-13T22:20:00,18,8,nan,nan,nan,-50.05762965422501,nan,nan,False,True
2025-05-13T22:30:00,18,9,nan,nan,nan,-48.369958436457146,nan,nan,False,True
2025-05-13T22:40:00,18,10,nan,nan,nan,-46.63934373937932,nan,nan,False,True
2025-05-13T22:50:00,18,11,nan,nan,nan,-44.869883694723825,nan,nan,False,True
2025-05-13T23:00:00,18,12,nan,nan,nan,-43.06511911554506,nan,nan,False,True
2025-05-13T23:10:00,18,13,nan,nan,nan,-41.228109400007526,nan,nan,False,True
2025-05-13T23:20:00,18,14,nan,nan,nan,-39.36149997793749,nan,nan,False,True
2025-05-13T23:30:00,18,15,nan,nan,nan,-37.467581522713076,nan,nan,False,True
2025-05-13T23:40:00,18,16,nan,nan,nan,-35.548341565447195,nan,nan,False,True
2025-05-13T23:50:00,18,17,nan,nan,nan,-33.605509295632665,nan,nan,False,True
2025-05-14T00:00:00,18,18,nan,nan,nan,-31.640594410039945,nan,nan,False,True
2025-05-14T00:10:00,18,19,nan,nan,nan,-29.65492081024506,nan,nan,False,True
2025-05-14T00:20:00,18,20,nan,nan,nan,-27.649655947518927,nan,nan,False,True
2025-05-14T00:30:00,18,21,nan,nan,nan,-25.625836465591163,nan,nan,False,True
2025-05-14T00:40:00,18,22,nan,nan,nan,-23.584390784984326,nan,nan,False,True
2025-05-14T00:50:00,18,23,nan,nan,nan,-21.526159165899536,nan,nan,False,True
2025-05-14T01:00:00,18,24,nan,nan,nan,-19.451911703692634,nan,nan,False,True
2025-05-14T01:10:00,18,25,nan,nan,nan,-17.36236468671217,nan,nan,False,True
2025-05-14T01:20:00,18,26,nan,nan,nan,-15.258195666955858,nan,nan,False,True
2025-05-14T01:30:00,18,27,nan,nan,nan,-13.140057583511604,nan,nan,False,True
2025-05-14T01:40:00,18,28,nan,nan,nan,-11.008592207130139,nan,nan,False,True
2025-05-14T01:50:00,18,29,nan,nan,nan,-8.864443187976947,nan,nan,False,True
2025-05-14T02:00:00,18,30,nan,nan,nan,-6.70826894964728,nan,nan,False,True
2025-05-14T02:10:00,18,31,nan,nan,nan,-4.540755661928415,nan,nan,False,True
2025-05-14T02:20:00,18,32,nan,nan,nan,-2.36263054401349,nan,nan,False,True
2025-05-14T02:30:00,18,33,nan,nan,nan,-0.17467571326197479,nan,nan,False,True
2025-05-14T02:40:00,18,34,nan,nan,nan,2.0222571547138144,nan,nan,False,True
2025-05-14T02:50:00,18,35,nan,nan,nan,4.227231103761422,nan,nan,False,True
2025-05-14T03:00:00,18,36,nan,nan,74.17876232124156,6.439206805055713,nan,-79.2310158766464,False,False
2025-05-14T03:10:00,18,37,nan,nan,74.25568469169228,8.657023796100878,nan,-79.23786581145232,False,False
2025-05-14T03:20:00,18,38,nan,nan,74.34720065390415,10.879379669502972,nan,-79.24471583350203,False,False
2025-05-14T03:30:00,18,39,nan,nan,74.453388452421,13.104806801203965,nan,-79.25156594149841,False,False
2025-05-14T03:40:00,18,40,nan,nan,74.57429164234024,15.331646145112533,nan,-79.25841613807299,False,False
2025-05-14T03:50:00,18,41,nan,nan,74.70991660678503,17.55801752390876,nan,-79.26526642192363,False,False
2025-05-14T04:00:00,18,42,nan,nan,74.86023010564563,19.78178580141614,nan,-79.27211679305472,False,False
2025-05-14T04:10:00,18,43,nan,nan,75.02515686622317,22.000522185892045,nan,-79.27896725016856,False,False
2025-05-14T04:20:00,18,44,nan,nan,75.20457726566643,24.211459846483283,nan,-79.2858177958999,False,False
2025-05-14T04:30:00,18,45,nan,nan,75.39832512202194,26.411442896137505,nan,-79.29266842894505,False,False
2025-05-14T04:40:00,18,46,nan,nan,75.60618566053522,28.59686775735471,nan,-79.29951914931297,False,False
2025-05-14T04:50:00,18,47,nan,nan,75.82789367848679,30.763615850946078,nan,-79.3063699570189,False,False
2025-05-20T21:00:00,19,0,nan,nan,nan,-57.99177736894967,nan,nan,False,True
2025-05-20T21:10:00,19,1,nan,nan,nan,-56.62591672278604,nan,nan,False,True
2025-05-20T21:20:00,19,2,nan,nan,nan,-55.182997866432444,nan,nan,False,True
2025-05-20T21:30:00,19,3,nan,nan,nan,-53.67147488248008,nan,nan,False,True
2025-05-20T21:40:00,19,4,nan,nan,nan,-52.09879750396533,nan,nan,False,True
2025-05-20T21:50:00,19,5,nan,nan,nan,-50.471480806387206,nan,nan,False,True
2025-05-20T22:00:00,19,6,nan,nan,nan,-48.79519232689222,nan,nan,False,True
2025-05-20T22:10:00,19,7,nan,nan,nan,-47.0748449694799,nan,nan,False,True
2025-05-20T22:20:00,19,8,nan,nan,nan,-45.31468839357424,nan,nan,False,True
2025-05-20T22:30:00,19,9,nan,nan,nan,-43.51839473603494,nan,nan,False,True
2025-05-20T22:40:00,19,10,nan,nan,nan,-41.68913659536788,nan,nan,False,True
2025-05-20T22:50:00,19,11,nan,nan,nan,-39.82965658524984,nan,nan,False,True
2025-05-20T23:00:00,19,12,nan,nan,nan,-37.942328555591644,nan,nan,False,True
2025-05-20T23:10:00,19,13,nan,nan,nan,-36.02921102649893,nan,nan,False,True
2025-05-20T23:20:00,19,14,nan,nan,nan,-34.09209361726964,nan,nan,False,True
2025-05-20T23:30:00,19,15,nan,nan,nan,-32.13253729237042,nan,nan,False,True
2025-05-20T23:40:00,19,16,nan,nan,nan,-30.151909274507673,nan,nan,False,True
2025-05-20T23:50:00,19,17,nan,nan,nan,-28.151413395127758,nan,nan,False,True
2025-05-21T00:00:00,19,18,nan,nan,nan,-26.132116609514284,nan,nan,False,True
2025-05-21T00:10:00,19,19,nan,nan,nan,-24.094972294188253,nan,nan,False,True
2025-05-21T00:20:00,19,20,nan,nan,nan,-22.04084087040651,nan,nan,False,True
2025-05-21T00:30:00,19,21,nan,nan,nan,-19.97050829345724,nan,nan,False,True
2025-05-21T00:40:00,19,22,nan,nan,nan,-17.884702771923234,nan,nan,False,True
2025-05-21T00:50:00,19,23,nan,nan,nan,-15.784110136475238,nan,nan,False,True
2025-05-21T01:00:00,19,24,nan,nan,nan,-13.669388162693474,nan,nan,False,True
2025-05-21T01:10:00,19,25,nan,nan,nan,-11.541180162804434,nan,nan,False,True
2025-05-21T01:20:00,19,26,nan,nan,nan,-9.400128104249786,nan,nan,False,True
2025-05-21T01:30:00,19,27,nan,nan,nan,-7.246885524953817,nan,nan,False,True
2025-05-21T01:40:00,19,28,nan,nan,nan,-5.0821304631940505,nan,nan,False,True
2025-05-21T01:50:00,19,29,nan,nan,nan,-2.9065786537194107,nan,nan,False,True
2025-05-21T02:00:00,19,30,nan,nan,nan,-0.7209972208966072,nan,nan,False,True
2025-05-21T02:10:00,19,31,nan,nan,nan,1.473780892272106,nan,nan,False,True
2025-05-21T02:20:00,19,32,nan,nan,nan,3.6768414824178524,nan,nan,False,True
2025-05-21T02:30:00,19,33,nan,nan,80.86700727071788,5.8871723719916185,nan,-86.16785980299244,False,False
2025-05-21T02:40:00,19,34,nan,nan,80.94031084750203,8.103645091881136,nan,-86.17482441580644,False,False
2025-05-21T02:50:00,19,35,nan,nan,81.02813536338093,10.3249946216465,nan,-86.1817891545904,False,False
2025-05-21T03:00:00,19,36,nan,nan,81.13056644439655,12.549796766653714,nan,-86.18875401789595,False,False
2025-05-21T03:10:00,19,37,nan,nan,81.24765554854532,14.776442733178824,nan,-86.1957190056012,False,False
2025-05-21T03:20:00,19,38,nan,nan,81.37941749111597,17.003110350709868,nan,-86.2026841175646,False,False
2025-05-21T03:30:00,19,39,nan,nan,81.52582798386997,19.227731331688695,nan,-86.20964935234953,False,False
2025-05-21T03:40:00,19,40,nan,nan,81.68682122478583,21.44795386651902,nan,-86.21661471244474,False,False
2025-05-21T03:50:00,19,41,nan,nan,81.8622875528466,23.661099729862617,nan,-86.22358019640826,False,False
2025-05-21T04:00:00,19,42,nan,nan,82.05207123066604,25.864115016450906,nan,-86.2305458041001,False,False
2025-05-21T04:10:00,19,43,nan,nan,82.25596837425323,28.053513497913094,nan,-86.23751153408135,False,False
2025-05-21T04:20:00,19,44,nan,nan,82.47372508787444,30.22531157512233,nan,-86.24447738883387,False,False
2025-05-21T04:30:00,19,45,nan,nan,82.7050358271189,32.37495379162306,nan,-86.25144336691771,False,False
2025-05-21T04:40:00,19,46,nan,nan,82.9495420616861,34.49722806910228,nan,-86.25840946819163,False,False
2025-05-21T04:50:00,19,47,nan,nan,83.20683126342371,36.58617016158559,nan,-86.26537569252007,False,False
2025-05-27T21:00:00,20,0,nan,nan,nan,-54.059408770650286,nan,nan,False,True
2025-05-27T21:10:00,20,1,nan,nan,nan,-52.501404693505215,nan,nan,False,True
2025-05-27T21:20:00,20,2,nan,nan,nan,-50.887213074654525,nan,nan,False,True
2025-05-27T21:30:00,20,3,nan,nan,nan,-49.22270566088838,nan,nan,False,True
2025-05-27T21:40:00,20,4,nan,nan,nan,-47.51297606563957,nan,nan,False,True
2025-05-27T21:50:00,20,5,nan,nan,nan,-45.7624320699216,nan,nan,False,True
2025-05-27T22:00:00,20,6,nan,nan,nan,-43.97488304350152,nan,nan,False,True
2025-05-27T22:10:00,20,7,nan,nan,nan,-42.153619999849816,nan,nan,False,True
2025-05-27T22:20:00,20,8,nan,nan,nan,-40.30148728937513,nan,nan,False,True
2025-05-27T22:30:00,20,9,nan,nan,nan,-38.420945886647026,nan,nan,False,True
2025-05-27T22:40:00,20,10,nan,nan,nan,-36.51412871753963,nan,nan,False,True
2025-05-27T22:50:00,20,11,nan,nan,nan,-34.582888770281386,nan,nan,False,True
2025-05-27T23:00:00,20,12,nan,nan,nan,-32.628840819016865,nan,nan,False,True
2025-05-27T23:10:00,20,13,nan,nan,nan,-30.653397596529093,nan,nan,False,True
2025-05-27T23:20:00,20,14,nan,nan,nan,-28.65780122994706,nan,nan,False,True
2025-05-27T23:30:00,20,15,nan,nan,nan,-26.643150648797544,nan,nan,False,True
2025-05-27T23:40:00,20,16,nan,nan,nan,-24.610425634290525,nan,nan,False,True
2025-05-27T23:50:00,20,17,nan,nan,nan,-22.560508072884524,nan,nan,False,True
2025-05-28T00:00:00,20,18,nan,nan,nan,-20.494200935495538,nan,nan,False,True
2025-05-28T00:10:00,20,19,nan,nan,nan,-18.412245398382545,nan,nan,False,True
2025-05-28T00:20:00,20,20,nan,nan,nan,-16.3153365280795,nan,nan,False,True
2025-05-28T00:30:00,20,21,nan,nan,nan,-14.204137828307136,nan,nan,False,True
2025-05-28T00:40:00,20,22,nan,nan,nan,-12.07929498719509,nan,nan,False,True
2025-05-28T00:50:00,20,23,nan,nan,nan,-9.941449099265759,nan,nan,False,True
2025-05-28T01:00:00,20,24,nan,nan,nan,-7.7912496000081095,nan,nan,False,True
2025-05-28T01:10:00,20,25,nan,nan,nan,-5.629367173317242,nan,nan,False,True
2025-05-28T01:20:00,20,26,nan,nan,nan,-3.456506853926742,nan,nan,False,True
2025-05-28T01:30:00,20,27,nan,nan,nan,-1.2734215783688372,nan,nan,False,True
2025-05-28T01:40:00,20,28,nan,nan,nan,0.9190735964497763,nan,nan,False,True
2025-05-28T01:50:00,20,29,nan,nan,nan,3.1200863348545744,nan,nan,False,True
2025-05-28T02:00:00,20,30,nan,nan,87.5368827763071,5.328630654005806,nan,-93.20974983863337,False,False
2025-05-28T02:10:00,20,31,nan,nan,87.60653972604801,7.543609046782404,nan,-93.21679221959853,False,False
2025-05-28T02:20:00,20,32,nan,nan,87.69064356282271,9.763792736856848,nan,-93.22383469055494,False,False
2025-05-28T02:30:00,20,33,nan,nan,87.78928722379256,11.98779970036397,nan,-93.2308772516399,False,False
2025-05-28T02:40:00,20,34,nan,nan,87.90252999320148,14.21406998980069,nan,-93.23791990168324,False,False
2025-05-28T02:50:00,20,35,nan,nan,88.03039503564676,16.440837859853925,nan,-93.24496264344819,False,False
2025-05-28T03:00:00,20,36,nan,nan,88.17286692573757,18.6661000827771,nan,-93.25200547577035,False,False
2025-05-28T03:10:00,20,37,nan,nan,88.32988922918503,20.887579792987015,nan,-93.25904839878417,False,False
2025-05-28T03:20:00,20,38,nan,nan,88.50136214948014,23.102685062373222,nan,-93.26609141263626,False,False
2025-05-28T03:30:00,20,39,nan,nan,88.68714028275669,25.308461331655028,nan,-93.27313451614948,False,False
2025-05-28T03:40:00,20,40,nan,nan,88.88703052690144,27.501536733439284,nan,-93.28017771209774,False,False
2025-05-28T03:50:00,20,41,nan,nan,89.10079016701314,29.67805925843689,nan,-93.28722099930354,False,False
2025-05-28T04:00:00,20,42,nan,nan,89.32812520729952,31.83362475758755,nan,-93.2942643779128,False,False
2025-05-28T04:10:00,20,43,nan,nan,89.5686889732876,33.963194845545964,nan,-93.3013078467512,False,False
2025-05-28T04:20:00,20,44,nan,nan,89.82208104552677,36.061004112870684,nan,-93.30835140859242,False,False
2025-05-28T04:30:00,20,45,nan,nan,90.0878465477073,38.12045664931947,nan,-93.31539506225623,False,False
2025-05-28T04:40:00,20,46,nan,nan,90.36547585853062,40.13401304040591,nan,-93.32243880789589,False,False
2025-05-28T04:50:00,20,47,nan,nan,90.65440476631859,42.09307081313246,nan,-93.3294826456408,False,False
2025-06-03T21:00:00,21,0,nan,nan,nan,-49.64310309367364,nan,nan,False,True
2025-06-03T21:10:00,21,1,nan,nan,nan,-47.94417910222013,nan,nan,False,True
2025-06-03T21:20:00,21,2,nan,nan,nan,-46.203399193993434,nan,nan,False,True
2025-06-03T21:30:00,21,3,nan,nan,nan,-44.42471447032045,nan,nan,False,True
2025-06-03T21:40:00,21,4,nan,nan,nan,-42.6115384088731,nan,nan,False,True
2025-06-03T21:50:00,21,5,nan,nan,nan,-40.76682069556287,nan,nan,False,True
2025-06-03T22:00:00,21,6,nan,nan,nan,-38.89311258247406,nan,nan,False,True
2025-06-03T22:10:00,21,7,nan,nan,nan,-36.99262415024766,nan,nan,False,True
2025-06-03T22:20:00,21,8,nan,nan,nan,-35.06727414556951,nan,nan,False,True
2025-06-03T22:30:00,21,9,nan,nan,nan,-33.11873322842857,nan,nan,False,True
2025-06-03T22:40:00,21,10,nan,nan,nan,-31.148461455303156,nan,nan,False,True
2025-06-03T22:50:00,21,11,nan,nan,nan,-29.157740825921785,nan,nan,False,True
2025-06-03T23:00:00,21,12,nan,nan,nan,-27.147703637072446,nan,nan,False,True
2025-06-03T23:10:00,21,13,nan,nan,nan,-25.11935731028697,nan,nan,False,True
2025-06-03T23:20:00,21,14,nan,nan,nan,-23.07360630368597,nan,nan,False,True
2025-06-03T23:30:00,21,15,nan,nan,nan,-21.01127160846612,nan,nan,False,True
2025-06-03T23:40:00,21,16,nan,nan,nan,-18.9331083030524,nan,nan,False,True
2025-06-03T23:50:00,21,17,nan,nan,nan,-16.83982155187426,nan,nan,False,True
2025-06-04T00:00:00,21,18,nan,nan,nan,-14.73208141847378,nan,nan,False,True
2025-06-04T00:10:00,21,19,nan,nan,nan,-12.610536784794636,nan,nan,False,True
2025-06-04T00:20:00,21,20,nan,nan,nan,-10.475828677072043,nan,nan,False,True
2025-06-04T00:30:00,21,21,nan,nan,nan,-8.328603252209277,nan,nan,False,True
2025-06-04T00:40:00,21,22,nan,nan,nan,-6.1695246857228945,nan,nan,False,True
2025-06-04T00:50:00,21,23,nan,nan,nan,-3.9992882141503627,nan,nan,False,True
2025-06-04T01:00:00,21,24,nan,nan,nan,-1.8186335443926949,nan,nan,False,True
2025-06-04T01:10:00,21,25,nan,nan,nan,0.3716411123824311,nan,nan,False,True
2025-06-04T01:20:00,21,26,nan,nan,nan,2.5706641447413254,nan,nan,False,True
2025-06-04T01:30:00,21,27,nan,nan,nan,4.777474494488725,nan,nan,False,True
2025-06-04T01:40:00,21,28,nan,nan,94.26178422682031,6.991004186067038,nan,-100.35422373147621,False,False
2025-06-04T01:50:00,21,29,nan,nan,94.34227719802078,9.21005908292522,nan,-100.36138393497738,False,False
2025-06-04T02:00:00,21,30,nan,nan,94.43724239286152,11.433297500545823,nan,-100.36854422131928,False,False
2025-06-04T02:10:00,21,31,nan,nan,94.54674671101877,13.65920625121519,nan,-100.37570459297673,False,False
2025-06-04T02:20:00,21,32,nan,nan,94.67082141848414,15.886073606942917,nan,-100.38286504849276,False,False
2025-06-04T02:30:00,21,33,nan,nan,94.80945968613908,18.11195863080071,nan,-100.39002558771881,False,False
2025-06-04T02:40:00,21,34,nan,nan,94.96261415432599,20.334656197635407,nan,-100.39718620919683,False,False
2025-06-04T02:50:00,21,35,nan,nan,95.13019457117697,22.551656961645413,nan,-100.40434691539893,False,False
2025-06-04T03:00:00,21,36,nan,nan,95.3120655199673,24.760101396119378,nan,-100.41150770487347,False,False
2025-06-04T03:10:00,21,37,nan,nan,95.50804430002302,26.95672697882423,nan,-100.41866857746524,False,False
2025-06-04T03:20:00,21,38,nan,nan,95.71789898342445,29.137807485344954,nan,-100.42582953303635,False,False
2025-06-04T03:30:00,21,39,nan,nan,95.94134669722634,31.299083357122996,nan,-100.4329905701167,False,False
2025-06-04T03:40:00,21,40,nan,nan,96.17805218279129,33.43568219073765,nan,-100.44015169119174,False,False
2025-06-04T03:50:00,21,41,nan,nan,96.42762665739723,35.54202862365682,nan,-100.44731289479883,False,False
2025-06-04T04:00:00,21,42,nan,nan,96.68962704934572,37.6117434650892,nan,-100.45447418079112,False,False
2025-06-04T04:10:00,21,43,nan,nan,96.96355562814887,39.6375328567463,nan,-100.46163554770649,False,False
2025-06-04T04:20:00,21,44,nan,nan,97.24886008575626,41.61106992391947,nan,-100.46879699802739,False,False
2025-06-04T04:30:00,21,45,nan,nan,97.5449340826831,43.522873949274576,nan,-100.47595853029304,False,False
2025-06-04T04:40:00,21,46,nan,nan,97.85111831595054,45.36219603781053,nan,-100.483120144355,False,False
2025-06-04T04:50:00,21,47,nan,nan,98.16670211133588,47.11692571146983,nan,-100.49028184006326,False,False
2025-06-10T21:00:00,22,0,nan,nan,nan,-44.863230977304404,nan,nan,False,True
2025-06-10T21:10:00,22,1,nan,nan,nan,-43.05809706384321,nan,nan,False,True
2025-06-10T21:20:00,22,2,nan,nan,nan,-41.22075091559678,nan,nan,False,True
2025-06-10T21:30:00,22,3,nan,nan,nan,-39.35383469467536,nan,nan,False,True
2025-06-10T21:40:00,22,4,nan,nan,nan,-37.45963619896488,nan,nan,False,True
2025-06-10T21:50:00,22,5,nan,nan,nan,-35.540140446982214,nan,nan,False,True
2025-06-10T22:00:00,22,6,nan,nan,nan,-33.5970744452875,nan,nan,False,True
2025-06-10T22:10:00,22,7,nan,nan,nan,-31.63194600152137,nan,nan,False,True
2025-06-10T22:20:00,22,8,nan,nan,nan,-29.646077396244213,nan,nan,False,True
2025-06-10T22:30:00,22,9,nan,nan,nan,-27.640634696096726,nan,nan,False,True
2025-06-10T22:40:00,22,10,nan,nan,nan,-25.616653379207467,nan,nan,False,True
2025-06-10T22:50:00,22,11,nan,nan,nan,-23.575060901486435,nan,nan,False,True
2025-06-10T23:00:00,22,12,nan,nan,nan,-21.516696737611348,nan,nan,False,True
2025-06-10T23:10:00,22,13,nan,nan,nan,-19.442330362549093,nan,nan,False,True
2025-06-10T23:20:00,22,14,nan,nan,nan,-17.35267760258807,nan,nan,False,True
2025-06-10T23:30:00,22,15,nan,nan,nan,-15.248415697354458,nan,nan,False,True
2025-06-10T23:40:00,22,16,nan,nan,nan,-13.130197412492919,nan,nan,False,True
2025-06-10T23:50:00,22,17,nan,nan,nan,-10.998664479929024,nan,nan,False,True
2025-06-11T00:00:00,22,18,nan,nan,nan,-8.854460649001377,nan,nan,False,True
2025-06-11T00:10:00,22,19,nan,nan,nan,-6.698244572149932,nan,nan,False,True
2025-06-11T00:20:00,22,20,nan,nan,nan,-4.530702792698862,nan,nan,False,True
2025-06-11T00:30:00,22,21,nan,nan,nan,-2.3525630384987566,nan,nan,False,True
2025-06-11T00:40:00,22,22,nan,nan,nan,-0.16460807884389037,nan,nan,False,True
2025-06-11T00:50:00,22,23,nan,nan,nan,2.0323096031666275,nan,nan,False,True
2025-06-11T01:00:00,22,24,nan,nan,nan,4.237252078368658,nan,nan,False,True
2025-06-11T01:10:00,22,25,nan,nan,100.91793938957834,6.449178871828796,nan,-107.57300219437177,False,False
2025-06-11T01:20:00,22,26,nan,nan,100.99489383407803,8.666928187136266,nan,-107.58019565125386,False,False
2025-06-11T01:30:00,22,27,nan,nan,101.08624943033583,10.88919607199303,nan,-107.58738912160469,False,False
2025-06-11T01:40:00,22,28,nan,nan,101.19208026464935,13.11451313184186,nan,-107.59458260544224,False,False
2025-06-11T01:50:00,22,29,nan,nan,101.31242525474626,15.341218295206287,nan,-107.60177610280176,False,False
2025-06-11T02:00:00,22,30,nan,nan,101.44728567858743,17.567429083374456,nan,-107.6089696123906,False,False
2025-06-11T02:10:00,22,31,nan,nan,101.59662273829112,19.791007752413268,nan,-107.61616313686767,False,False
2025-06-11T02:20:00,22,32,nan,nan,101.7603551718758,22.009522557827573,nan,-107.62335667494168,False,False
2025-06-11T02:30:00,22,33,nan,nan,101.93835697371111,24.220203333909165,nan,-107.63055022664398,False,False
2025-06-11T02:40:00,22,34,nan,nan,102.1304552415498,26.419890441559136,nan,-107.63774379068855,False,False
2025-06-11T02:50:00,22,35,nan,nan,102.33642820672446,28.604976093030306,nan,-107.64493736972621,False,False
2025-06-11T03:00:00,22,36,nan,nan,102.55600346981954,30.771336995162333,nan,-107.65213096247538,False,False
2025-06-11T03:10:00,22,37,nan,nan,102.78885651252719,32.914257344932004,nan,-107.65932456896304,False,False
2025-06-11T03:20:00,22,38,nan,nan,103.03460951139007,35.02834137253721,nan,-107.66651818921824,False,False
2025-06-11T03:30:00,22,39,nan,nan,103.29283050469174,37.10741510317318,nan,-107.67371182195386,False,False
2025-06-11T03:40:00,22,40,nan,nan,103.56303296256105,39.14441785995894,nan,-107.68090546982656,False,False
2025-06-11T03:50:00,22,41,nan,nan,103.84467578064385,41.13128546673736,nan,-107.68809913155053,False,False
2025-06-11T04:00:00,22,42,nan,nan,104.13716376057789,43.05882948684806,nan,-107.69529280715692,False,False
2025-06-11T04:10:00,22,43,nan,nan,104.43984858672715,44.91662034449902,nan,-107.70248649536164,False,False
2025-06-11T04:20:00,22,44,nan,nan,104.7520303395274,46.692887295269834,nan,-107.70968019881715,False,False
2025-06-11T04:30:00,22,45,nan,nan,105.07295953967076,48.37445500685431,nan,-107.71687391624454,False,False
2025-06-11T04:40:00,22,46,nan,nan,105.40183975710576,49.94674488411723,nan,-107.72406764766691,False,False
2025-06-11T04:50:00,22,47,nan,nan,105.73783076103803,51.393878021970586,nan,-107.73126139312313,False,False
2025-06-17T21:00:00,23,0,nan,nan,nan,-39.82280786717827,nan,nan,False,True
2025-06-17T21:10:00,23,1,nan,nan,nan,-37.93519762328231,nan,nan,False,True
2025-06-17T21:20:00,23,2,nan,nan,nan,-36.021821766417574,nan,nan,False,True
2025-06-17T21:30:00,23,3,nan,nan,nan,-34.084467745605494,nan,nan,False,True
2025-06-17T21:40:00,23,4,nan,nan,nan,-32.12469463948297,nan,nan,False,True
2025-06-17T21:50:00,23,5,nan,nan,nan,-30.14386804567638,nan,nan,False,True
2025-06-17T22:00:00,23,6,nan,nan,nan,-28.143190406319185,nan,nan,False,True
2025-06-17T22:10:00,23,7,nan,nan,nan,-26.123727496765078,nan,nan,False,True
2025-06-17T22:20:00,23,8,nan,nan,nan,-24.086431697845473,nan,nan,False,True
2025-06-17T22:30:00,23,9,nan,nan,nan,-22.03216262542073,nan,nan,False,True
2025-06-17T22:40:00,23,10,nan,nan,nan,-19.961705583505445,nan,nan,False,True
2025-06-17T22:50:00,23,11,nan,nan,nan,-17.87578828338834,nan,nan,False,True
2025-06-17T23:00:00,23,12,nan,nan,nan,-15.775096198126263,nan,nan,False,True
2025-06-17T23:10:00,23,13,nan,nan,nan,-13.660286878581344,nan,nan,False,True
2025-06-17T23:20:00,23,14,nan,nan,nan,-11.53200354496556,nan,nan,False,True
2025-06-17T23:30:00,23,15,nan,nan,nan,-9.390888202749077,nan,nan,False,True
2025-06-17T23:40:00,23,16,nan,nan,nan,-7.237594552704873,nan,nan,False,True
2025-06-17T23:50:00,23,17,nan,nan,nan,-5.072800921715219,nan,nan,False,True
2025-06-18T00:00:00,23,18,nan,nan,nan,-2.8972234674060413,nan,nan,False,True
2025-06-18T00:10:00,23,19,nan,nan,nan,-0.71162987431656,nan,nan,False,True
2025-06-18T00:20:00,23,20,nan,nan,nan,1.4831462165637184,nan,nan,False,True
2025-06-18T00:30:00,23,21,nan,nan,nan,3.686189751369255,nan,nan,False,True
2025-06-18T00:40:00,23,22,nan,nan,107.54663985754702,5.896487542702446,nan,-114.81577448872613,False,False
2025-06-18T00:50:00,23,23,nan,nan,107.6200025883628,8.112909934544438,nan,-114.82299611435587,False,False
2025-06-18T01:00:00,23,24,nan,nan,107.70769034081832,10.334190526854343,nan,-114.8302177498849,False,False
2025-06-18T01:10:00,23,25,nan,nan,107.80978443018992,12.558903539069435,nan,-114.83743939386473,False,False
2025-06-18T01:20:00,23,26,nan,nan,107.92633145896183,14.785438363954476,nan,-114.84466104877697,False,False
2025-06-18T01:30:00,23,27,nan,nan,108.0573408351674,17.011970759719954,nan,-114.85188271316714,False,False
2025-06-18T01:40:00,23,28,nan,nan,108.20278232698762,19.23643008786119,nan,-114.85910438688803,False,False
2025-06-18T01:50:00,23,29,nan,nan,108.36258366626907,21.456461871331545,nan,-114.8663260698027,False,False
2025-06-18T02:00:00,23,30,nan,nan,108.53662824189757,23.669384872382228,nan,-114.87354776044651,False,False
2025-06-18T02:10:00,23,31,nan,nan,108.72475292755833,25.872141791435816,nan,-114.88076946130815,False,False
2025-06-18T02:20:00,23,32,nan,nan,108.92674606509271,28.061242580592342,nan,-114.8879911709285,False,False
2025-06-18T02:30:00,23,33,nan,nan,109.14234567231397,30.232699357685124,nan,-114.89521288916376,False,False
2025-06-18T02:40:00,23,34,nan,nan,109.37123789910095,32.381951889363485,nan,-114.9024346145544,False,False
2025-06-18T02:50:00,23,35,nan,nan,109.61305579276787,34.50378280018737,nan,-114.90965634958832,False,False
2025-06-18T03:00:00,23,36,nan,nan,109.86737839665818,36.592222011440754,nan,-114.91687809279917,False,False
2025-06-18T03:10:00,23,37,nan,nan,110.13373025221405,38.640440689299155,nan,-114.9240998440474,False,False
2025-06-18T03:20:00,23,38,nan,nan,110.41158132585991,40.64063622607565,nan,-114.93132160318638,False,False
2025-06-18T03:30:00,23,39,nan,nan,110.70034740468762,42.58391189130767,nan,-114.93854336875849,False,False
2025-06-18T03:40:00,23,40,nan,nan,110.99939099980755,44.460158003797034,nan,-114.94576514324116,False,False
2025-06-18T03:50:00,23,41,nan,nan,111.30802276264296,46.25794613481006,nan,-114.95298692518028,False,False
2025-06-18T04:00:00,23,42,nan,nan,111.62550345873257,47.96445427677157,nan,-114.96020871442465,False,False
2025-06-18T04:10:00,23,43,nan,nan,111.95104648599,49.56544889283454,nan,-114.96743050951824,False,False
2025-06-18T04:20:00,23,44,nan,nan,112.28382095203727,51.04535863024675,nan,-114.97465231294062,False,False
2025-06-18T04:30:00,23,45,nan,nan,112.62295527625393,52.38748203164392,nan,-114.98187412323263,False,False
2025-06-18T04:40:00,23,46,nan,nan,112.96754132000522,53.57437401863747,nan,-114.9890959402438,False,False
2025-06-18T04:50:00,23,47,nan,nan,113.3166389891655,54.58844740371366,nan,-114.99631776383205,False,False
2025-06-24T21:00:00,24,0,nan,nan,nan,-34.57937656143702,nan,nan,False,True
2025-06-24T21:10:00,24,1,nan,nan,nan,-32.625130040675586,nan,nan,False,True
2025-06-24T21:20:00,24,2,nan,nan,nan,-30.649506468841153,nan,nan,False,True
2025-06-24T21:30:00,24,3,nan,nan,nan,-28.653746704244792,nan,nan,False,True
2025-06-24T21:40:00,24,4,nan,nan,nan,-26.638948589734643,nan,nan,False,True
2025-06-24T21:50:00,24,5,nan,nan,nan,-24.606090991101766,nan,nan,False,True
2025-06-24T22:00:00,24,6,nan,nan,nan,-22.556055037542077,nan,nan,False,True
2025-06-24T22:10:00,24,7,nan,nan,nan,-20.489643085353496,nan,nan,False,True
2025-06-24T22:20:00,24,8,nan,nan,nan,-18.407595833239093,nan,nan,False,True
2025-06-24T22:30:00,24,9,nan,nan,nan,-16.310607993488343,nan,nan,False,True
2025-06-24T22:40:00,24,10,nan,nan,nan,-14.199342839173159,nan,nan,False,True
2025-06-24T22:50:00,24,11,nan,nan,nan,-12.074445948901927,nan,nan,False,True
2025-06-24T23:00:00,24,12,nan,nan,nan,-9.93655842066035,nan,nan,False,True
2025-06-24T23:10:00,24,13,nan,nan,nan,-7.786329805327081,nan,nan,False,True
2025-06-24T23:20:00,24,14,nan,nan,nan,-5.624431019029304,nan,nan,False,True
2025-06-24T23:30:00,24,15,nan,nan,nan,-3.4515674476476637,nan,nan,False,True
2025-06-24T23:40:00,24,16,nan,nan,nan,-1.2684924967184434,nan,nan,False,True
2025-06-24T23:50:00,24,17,nan,nan,nan,0.9239781849679166,nan,nan,False,True
2025-06-25T00:00:00,24,18,nan,nan,nan,3.1249515346109873,nan,nan,False,True
2025-06-25T00:10:00,24,19,nan,nan,114.16416059209011,5.333440705689916,nan,-122.06002354536093,False,False
2025-06-25T00:20:00,24,20,nan,nan,114.23390121273897,7.548347170955483,nan,-122.06721601660274,False,False
2025-06-25T00:30:00,24,21,nan,nan,114.31788370116423,9.768440975268785,nan,-122.0744084846846,False,False
2025-06-25T00:40:00,24,22,nan,nan,114.41619646666575,11.992338742008243,nan,-122.0816009523676,False,False
2025-06-25T00:50:00,24,23,nan,nan,114.52889362605114,14.21847897623834,nan,-122.08879341846507,False,False
2025-06-25T01:00:00,24,24,nan,nan,114.65599252939381,16.445094172362595,nan,-122.09598588311184,False,False
2025-06-25T01:10:00,24,25,nan,nan,114.79747129719867,18.67017911391032,nan,-122.10317834512446,False,False
2025-06-25T01:20:00,24,26,nan,nan,114.95326641495956,20.89145469598794,nan,-122.1103708072616,False,False
2025-06-25T01:30:00,24,27,nan,nan,115.12327039909843,23.106326471041626,nan,-122.1175632683385,False,False
2025-06-25T01:40:00,24,28,nan,nan,115.30732959722566,25.31183706158273,nan,-122.12475572848787,False,False
2025-06-25T01:50:00,24,29,nan,nan,115.50524214406303,27.504611453438297,nan,-122.13194818783468,False,False
2025-06-25T02:00:00,24,30,nan,nan,115.71675612214776,29.680794146395392,nan,-122.13914064520434,False,False
2025-06-25T02:10:00,24,31,nan,nan,115.94156797832343,31.835977140562687,nan,-122.14633310334479,False,False
2025-06-25T02:20:00,24,32,nan,nan,116.17932122198168,33.9651178304192,nan,-122.15352556107707,False,False
2025-06-25T02:30:00,24,33,nan,nan,116.42960547649763,36.06244623017168,nan,-122.1607180185291,False,False
2025-06-25T02:40:00,24,34,nan,nan,116.69195590736962,38.12136154296864,nan,-122.16791047451673,False,False
2025-06-25T02:50:00,24,35,nan,nan,116.96585308486813,40.13431924155115,nan,-122.17510293179515,False,False
2025-06-25T03:00:00,24,36,nan,nan,117.2507232982974,42.09271165523019,nan,-122.18229538918247,False,False
2025-06-25T03:10:00,24,37,nan,nan,117.54593938185248,43.98674799431591,nan,-122.18948784679905,False,False
2025-06-25T03:20:00,24,38,nan,nan,117.85082205916072,45.805343982026734,nan,-122.19668030478078,False,False
2025-06-25T03:30:00,24,39,nan,nan,118.16464183227822,47.53603722629293,nan,-122.20387276193938,False,False
2025-06-25T03:40:00,24,40,nan,nan,118.48662143234927,49.16495209909492,nan,-122.21106522102919,False,False
2025-06-25T03:50:00,24,41,nan,nan,118.81593881174888,50.67684662948876,nan,-122.21825768086303,False,False
2025-06-25T04:00:00,24,42,nan,nan,119.1517306942492,52.05528211872359,nan,-122.22545014157163,False,False
2025-06-25T04:10:00,24,43,nan,nan,119.4930966394148,53.28296033294827,nan,-122.23264260196463,False,False
2025-06-25T04:20:00,24,44,nan,nan,119.83910360393895,54.34226802321234,nan,-122.23983506479898,False,False
2025-06-25T04:30:00,24,45,nan,nan,120.18879093280603,55.216047734815895,nan,-122.24702752888149,False,False
2025-06-25T04:40:00,24,46,nan,nan,120.54117575170977,55.888573038865545,nan,-122.25421999434316,False,False
2025-06-25T04:50:00,24,47,nan,nan,120.89525867415209,56.34664773743936,nan,-122.2614124613084,False,False
2025-07-01T21:00:00,25,0,nan,nan,nan,-29.150248154939145,nan,nan,False,True
2025-07-01T21:10:00,25,1,nan,nan,nan,-27.140053386765047,nan,nan,False,True
2025-07-01T21:20:00,25,2,nan,nan,nan,-25.111563190842062,nan,nan,False,True
2025-07-01T21:30:00,25,3,nan,nan,nan,-23.065681215627315,nan,nan,False,True
2025-07-01T21:40:00,25,4,nan,nan,nan,-21.003227793781342,nan,nan,False,True
2025-07-01T21:50:00,25,5,nan,nan,nan,-18.924957489353822,nan,nan,False,True
2025-07-01T22:00:00,25,6,nan,nan,nan,-16.831575087523692,nan,nan,False,True
2025-07-01T22:10:00,25,7,nan,nan,nan,-14.723750396375474,nan,nan,False,True
2025-07-01T22:20:00,25,8,nan,nan,nan,-12.60213216116984,nan,nan,False,True
2025-07-01T22:30:00,25,9,nan,nan,nan,-10.467361392103278,nan,nan,False,True
2025-07-01T22:40:00,25,10,nan,nan,nan,-8.320084344083785,nan,nan,False,True
2025-07-01T22:50:00,25,11,nan,nan,nan,-6.160965410324508,nan,nan,False,True
2025-07-01T23:00:00,25,12,nan,nan,nan,-3.990700161021094,nan,nan,False,True
2025-07-01T23:10:00,25,13,nan,nan,nan,-1.810028756175159,nan,nan,False,True
2025-07-01T23:20:00,25,14,nan,nan,nan,0.38025001067842584,nan,nan,False,True
2025-07-01T23:30:00,25,15,nan,nan,nan,2.5792638093425237,nan,nan,False,True
2025-07-01T23:40:00,25,16,nan,nan,nan,4.7860507221020026,nan,nan,False,True
2025-07-01T23:50:00,25,17,nan,nan,120.85099032309398,6.999541762133728,nan,-129.30000757016563,False,False
2025-07-02T00:00:00,25,18,nan,nan,120.93139926906808,9.218541610888684,nan,-129.30719739489373,False,False
2025-07-02T00:10:00,25,19,nan,nan,121.02605386748264,11.441707222578273,nan,-129.314387162278,False,False
2025-07-02T00:20:00,25,20,nan,nan,121.1350152664889,13.667523841067126,nan,-129.32157687218188,False,False
2025-07-02T00:30:00,25,21,nan,nan,121.2583082023637,15.894277951472422,nan,-129.32876652314994,False,False
2025-07-02T00:40:00,25,22,nan,nan,121.39591853242734,18.120026586268807,nan,-129.33595611766904,False,False
2025-07-02T00:50:00,25,23,nan,nan,121.54779080024042,20.34256231426122,nan,-129.34314565428528,False,False
2025-07-02T01:00:00,25,24,nan,nan,121.71382589207875,22.559373178101062,nan,-129.3503351328602,False,False
2025-07-02T01:10:00,25,25,nan,nan,121.89387880181063,24.76759670579225,nan,-129.35752455193526,False,False
2025-07-02T01:20:00,25,26,nan,nan,122.08775655964419,26.963967061139783,nan,-129.36471391400647,False,False
2025-07-02T01:30:00,25,27,nan,nan,122.29521634684795,29.144754295517664,nan,-129.37190321761085,False,False
2025-07-02T01:40:00,25,28,nan,nan,122.51596386684244,31.30569468751236,nan,-129.37909246262032,False,False
2025-07-02T01:50:00,25,29,nan,nan,122.74965199899589,33.441911197540755,nan,-129.38628164888277,False,False
2025-07-02T02:00:00,25,30,nan,nan,122.99587978757978,35.54782334162196,nan,-129.3934707749562,False,False
2025-07-02T02:10:00,25,31,nan,nan,123.25419181737031,37.61704632448051,nan,-129.4006598433217,False,False
2025-07-02T02:20:00,25,32,nan,nan,123.52407799921369,39.64228023161325,nan,-129.40784885253098,False,False
2025-07-02T02:30:00,25,33,nan,nan,123.8049738313153,41.615191768158695,nan,-129.41503780244685,False,False
2025-07-02T02:40:00,25,34,nan,nan,124.0962611499503,43.52629360154223,nan,-129.42222669161103,False,False
2025-07-02T02:50:00,25,35,nan,nan,124.39726941408709,45.36483029993358,nan,-129.42941552251665,False,False
2025-07-02T03:00:00,25,36,nan,nan,124.70727752341396,47.11868534271612,nan,-129.43660429371118,False,False
2025-07-02T03:10:00,25,37,nan,nan,125.0255162087102,48.77433095782247,nan,-129.4437930050553,False,False
2025-07-02T03:20:00,25,38,nan,nan,125.35117097658154,50.316851095488616,nan,-129.4509816564161,False,False
2025-07-02T03:30:00,25,39,nan,nan,125.68338560640582,51.73007643561838,nan,-129.45817024633357,False,False
2025-07-02T03:40:00,25,40,nan,nan,126.02126618606583,52.99687592707631,nan,-129.4653587773071,False,False
2025-07-02T03:50:00,25,41,nan,nan,126.36388563382182,54.09964710983289,nan,-129.47254724787558,False,False
2025-07-02T04:00:00,25,42,nan,nan,126.71028868974379,55.02103116227292,nan,-129.47973565791213,False,False
2025-07-02T04:10:00,25,43,nan,nan,127.05949729967925,55.7448428361887,nan,-129.4869240059571,False,False
2025-07-02T04:20:00,25,44,nan,nan,127.41051634275827,56.257150454343304,nan,-129.4941122945068,False,False
2025-07-02T04:30:00,25,45,nan,nan,127.76233960597511,56.54737770682432,nan,-129.5013005221073,False,False
2025-07-02T04:40:00,25,46,nan,nan,128.11395595135136,56.609250122880105,nan,-129.50848868862187,False,False
2025-07-02T04:50:00,25,47,nan,nan,128.46435556794177,56.44140250158496,nan,-129.51567679391658,False,False
2025-07-08T21:00:00,26,0,nan,nan,nan,-23.568512624688324,nan,nan,False,True
2025-07-08T21:10:00,26,1,nan,nan,nan,-21.51004362851479,nan,nan,False,True
2025-07-08T21:20:00,26,2,nan,nan,nan,-19.435582749980927,nan,nan,False,True
2025-07-08T21:30:00,26,3,nan,nan,nan,-17.345845447682798,nan,nan,False,True
2025-07-08T21:40:00,26,4,nan,nan,nan,-15.241508701221193,nan,nan,False,True
2025-07-08T21:50:00,26,5,nan,nan,nan,-13.123225123381397,nan,nan,False,True
2025-07-08T22:00:00,26,6,nan,nan,nan,-10.991636397208413,nan,nan,False,True
2025-07-08T22:10:00,26,7,nan,nan,nan,-8.847386320906526,nan,nan,False,True
2025-07-08T22:20:00,26,8,nan,nan,nan,-6.691133695705674,nan,nan,False,True
2025-07-08T22:30:00,26,9,nan,nan,nan,-4.523565312752965,nan,nan,False,True
2025-07-08T22:40:00,26,10,nan,nan,nan,-2.345409251278438,nan,nan,False,True
2025-07-08T22:50:00,26,11,nan,nan,nan,-0.15744874263869862,nan,nan,False,True
2025-07-08T23:00:00,26,12,nan,nan,nan,2.039463157464598,nan,nan,False,True
2025-07-08T23:10:00,26,13,nan,nan,nan,4.244387829724918,nan,nan,False,True
2025-07-08T23:20:00,26,14,nan,nan,127.47390772556476,6.456283978094478,nan,-136.48144910050365,False,False
2025-07-08T23:30:00,26,15,nan,nan,127.55078452841867,8.673988843463494,nan,-136.48854418851403,False,False
2025-07-08T23:40:00,26,16,nan,nan,127.64180900396585,10.896197361254455,nan,-136.4956391786716,False,False
2025-07-08T23:50:00,26,17,nan,nan,127.74704871644504,13.121438860395308,nan,-136.50273407366495,False,False
2025-07-09T00:00:00,26,18,nan,nan,127.86653509084026,15.348050805752687,nan,-136.5098288722288,False,False
2025-07-09T00:10:00,26,19,nan,nan,128.000260931383,17.574149054981543,nan,-136.5169235744174,False,False
2025-07-09T00:20:00,26,20,nan,nan,128.14817797385982,19.797593970223193,nan,-136.52401818028392,False,False
2025-07-09T00:30:00,26,21,nan,nan,128.31019451195334,22.01595166645649,nan,-136.53111268856952,False,False
2025-07-09T00:40:00,26,22,nan,nan,128.4861731406028,24.22644956305245,nan,-136.53820710195174,False,False
2025-07-09T00:50:00,26,23,nan,nan,128.67592863770233,26.425925298162035,nan,-136.54530141917078,False,False
2025-07-09T01:00:00,26,24,nan,nan,128.8792260522131,28.610768023843235,nan,-136.55239564028142,False,False
2025-07-09T01:10:00,26,25,nan,nan,129.09577902325498,30.77685102510523,nan,-136.5594897640276,False,False
2025-07-09T01:20:00,26,26,nan,nan,129.32524839170156,32.91945469036214,nan,-136.56658379308206,False,False
2025-07-09T01:30:00,26,27,nan,nan,129.56724113020033,35.033179032127535,nan,-136.57367772619176,False,False
2025-07-09T01:40:00,26,28,nan,nan,129.8213096633442,37.11184545294225,nan,-136.58077156340534,False,False
2025-07-09T01:50:00,26,29,nan,nan,130.0869516027431,39.14838826677432,nan,-136.58786530478042,False,False
2025-07-09T02:00:00,26,30,nan,nan,130.36360994422682,41.13473797128825,nan,-136.5949589490567,False,False
2025-07-09T02:10:00,26,31,nan,nan,130.6506737701988,43.06170061015424,nan,-136.60205249891732,False,False
2025-07-09T02:20:00,26,32,nan,nan,130.94747946753293,44.918841099575125,nan,-136.60914595309796,False,False
2025-07-09T02:30:00,26,33,nan,nan,131.25331251038614,46.69438352497514,nan,-136.61623931165548,False,False
2025-07-09T02:40:00,26,34,nan,nan,131.56740980078317,48.37514820075144,nan,-136.62333257332972,False,False
2025-07-09T02:50:00,26,35,nan,nan,131.88896258709764,49.9465536459385,nan,-136.63042574080413,False,False
2025-07-09T03:00:00,26,36,nan,nan,132.21711993209703,51.392720365803505,nan,-136.63751881281732,False,False
2025-07-09T03:10:00,26,37,nan,nan,132.5509927388115,52.69672004870558,nan,-136.64461178942761,False,False
2025-07-09T03:20:00,26,38,nan,nan,132.88965828341676,53.841013971351636,nan,-136.65170467068606,False,False
2025-07-09T03:30:00,26,39,nan,nan,133.2321652190863,54.80811211635471,nan,-136.65879745533493,False,False
2025-07-09T03:40:00,26,40,nan,nan,133.57753900302612,55.581453795244,nan,-136.665890146056,False,False
2025-07-09T03:50:00,26,41,nan,nan,133.9247876610815,56.146459783180354,nan,-136.67298274159188,False,False
2025-07-09T04:00:00,26,42,nan,nan,134.2729078418549,56.49164299408887,nan,-136.68007524199493,False,False
2025-07-09T04:10:00,26,43,nan,nan,134.62089105571744,56.609609757290585,nan,-136.68716764600822,False,False
2025-07-09T04:20:00,26,44,nan,nan,134.96773002579192,56.4977646422785,nan,-136.6942599563133,False,False
2025-07-09T04:30:00,26,45,nan,nan,135.31242503654525,56.158569256071154,nan,-136.7013521716521,False,False
2025-07-09T04:40:00,26,46,nan,nan,135.65399021275763,55.59929664396304,nan,-136.70844429207727,False,False
2025-07-09T04:50:00,26,47,nan,nan,135.99145961575653,54.83133672984921,nan,-136.7155363176517,False,False
2025-07-15T21:00:00,27,0,nan,nan,nan,-17.864657461108727,nan,nan,False,True
2025-07-15T21:10:00,27,1,nan,nan,nan,-15.763877599452657,nan,nan,False,True
2025-07-15T21:20:00,27,2,nan,nan,nan,-13.648986537768574,nan,nan,False,True
2025-07-15T21:30:00,27,3,nan,nan,nan,-11.520627444018478,nan,nan,False,True
2025-07-15T21:40:00,27,4,nan,nan,nan,-9.379442358317844,nan,nan,False,True
2025-07-15T21:50:00,27,5,nan,nan,nan,-7.226085106879533,nan,nan,False,True
2025-07-15T22:00:00,27,6,nan,nan,nan,-5.061234233900489,nan,nan,False,True
2025-07-15T22:10:00,27,7,nan,nan,nan,-2.885606204064629,nan,nan,False,True
2025-07-15T22:20:00,27,8,nan,nan,nan,-0.6999690987004552,nan,nan,False,True
2025-07-15T22:30:00,27,9,nan,nan,nan,1.4948429316674015,nan,nan,False,True
2025-07-15T22:40:00,27,10,nan,nan,nan,3.6979142211685776,nan,nan,False,True
2025-07-15T22:50:00,27,11,nan,nan,134.0786146763562,5.908230849213301,nan,-143.56943642350117,False,False
2025-07-15T23:00:00,27,12,nan,nan,134.15192436390853,8.1246623001364,nan,-143.57644395277816,False,False
2025-07-15T23:10:00,27,13,nan,nan,134.2392642350815,10.345941174536415,nan,-143.58345136311323,False,False
2025-07-15T23:20:00,27,14,nan,nan,134.3407078332502,12.570640532232883,nan,-143.59045865303116,False,False
2025-07-15T23:30:00,27,15,nan,nan,134.45629273693402,14.797148427408485,nan,-143.597465822371,False,False
2025-07-15T23:40:00,27,16,nan,nan,134.58601805032913,17.0236390833869,nan,-143.60447286966547,False,False
2025-07-15T23:50:00,27,17,nan,nan,134.72984193670598,19.248040104827012,nan,-143.61147979737876,False,False
2025-07-16T00:00:00,27,18,nan,nan,134.8876792083165,21.46799500033979,nan,-143.61848660403953,False,False
2025-07-16T00:10:00,27,19,nan,nan,135.0593990344992,23.680820230669802,nan,-143.6254932894903,False,False
2025-07-16T00:20:00,27,20,nan,nan,135.24482279010087,25.883455866883917,nan,-143.63249985356944,False,False
2025-07-16T00:30:00,27,21,nan,nan,135.44372209247848,28.07240886216052,nan,-143.63950629480462,False,False
2025-07-16T00:40:00,27,22,nan,nan,135.65581707977984,30.243687919343397,nan,-143.64651261566607,False,False
2025-07-16T00:50:00,27,23,nan,nan,135.88077495777543,32.39272891864148,nan,-143.6535188146827,False,False
2025-07-16T01:00:00,27,24,nan,nan,136.11820888843178,34.514310075569696,nan,-143.66052489168763,False,False
2025-07-16T01:10:00,27,25,nan,nan,136.36767724699862,36.60245633700308,nan,-143.66753084521733,False,False
2025-07-16T01:20:00,27,26,nan,nan,136.62868330858237,38.65033329314921,nan,-143.6745366777345,False,False
2025-07-16T01:30:00,27,27,nan,nan,136.9006753862084,40.650132140371504,nan,-143.6815423877679,False,False
2025-07-16T01:40:00,27,28,nan,nan,137.18304748466133,42.59294936496747,nan,-143.68854797515576,False,False
2025-07-16T01:50:00,27,29,nan,nan,137.4751404832268,44.468668002706806,nan,-143.6955534397466,False,False
2025-07-16T02:00:00,27,30,nan,nan,137.77624387901074,46.26585203877639,nan,-143.70255878006057,False,False
2025-07-16T02:10:00,27,31,nan,nan,138.08559811414798,47.97167190870315,nan,-143.70956399856746,False,False
2025-07-16T02:20:00,27,32,nan,nan,138.4023974735355,49.571887064230445,nan,-143.71656909379638,False,False
2025-07-16T02:30:00,27,33,nan,nan,138.72579357504952,51.05092043591,nan,-143.7235740655857,False,False
2025-07-16T02:40:00,27,34,nan,nan,139.05489941458214,52.39206714080111,nan,-143.73057891246276,False,False
2025-07-16T02:50:00,27,35,nan,nan,139.3887939528202,53.5778821634907,nan,-143.73758363689922,False,False
2025-07-16T03:00:00,27,36,nan,nan,139.72652718082603,54.590783138610306,nan,-143.7445882374175,False,False
2025-07-16T03:10:00,27,37,nan,nan,140.0671256371037,55.41387865556546,nan,-143.75159271386266,False,False
2025-07-16T03:20:00,27,38,nan,nan,140.40959829044112,56.031986380716816,nan,-143.75859706607284,False,False
2025-07-16T03:30:00,27,39,nan,nan,140.7529427190792,56.4327438675448,nan,-143.76560129258243,False,False
2025-07-16T03:40:00,27,40,nan,nan,141.09615150764907,56.607655407374835,nan,-143.7726053958487,False,False
2025-07-16T03:50:00,27,41,nan,nan,141.4382187499556,56.55288765468476,nan,-143.7796093744062,False,False
2025-07-16T04:00:00,27,42,nan,nan,141.7781465872843,56.26964931319802,nan,-143.78661322809575,False,False
2025-07-16T04:10:00,27,43,nan,nan,142.11495166209832,55.7640700173758,nan,-143.79361695544293,False,False
2025-07-16T04:20:00,27,44,nan,nan,142.44767140448738,55.046605903054775,nan,-143.8006205589141,False,False
2025-07-16T04:30:00,27,45,nan,nan,142.7753700349951,54.13110099263615,nan,-143.80762403704645,False,False
2025-07-16T04:40:00,27,46,nan,nan,143.09714422061072,53.033687391343754,nan,-143.81462738966857,False,False
2025-07-16T04:50:00,27,47,nan,nan,143.41212828297782,51.77170239498222,nan,-143.82163061663059,False,False
2025-07-22T21:00:00,28,0,nan,nan,nan,-12.063014364280983,nan,nan,False,True
2025-07-22T21:10:00,28,1,nan,nan,nan,-9.92505027447581,nan,nan,False,True
2025-07-22T21:20:00,28,2,nan,nan,nan,-7.774749369632481,nan,nan,False,True
2025-07-22T21:30:00,28,3,nan,nan,nan,-5.6127827092234,nan,nan,False,True
2025-07-22T21:40:00,28,4,nan,nan,nan,-3.439855897816072,nan,nan,False,True
2025-07-22T21:50:00,28,5,nan,nan,nan,-1.256722642579252,nan,nan,False,True
2025-07-22T22:00:00,28,6,nan,nan,nan,0.9358010186070955,nan,nan,False,True
2025-07-22T22:10:00,28,7,nan,nan,nan,3.136821544957118,nan,nan,False,True
2025-07-22T22:20:00,28,8,nan,nan,140.67699972425686,5.345351514214994,nan,-150.541256766584,False,False
2025-07-22T22:30:00,28,9,nan,nan,140.74669961158762,7.560291714450352,nan,-150.54813414324863,False,False
2025-07-22T22:40:00,28,10,nan,nan,140.83028370060705,9.780411387192327,nan,-150.5550114477363,False,False
2025-07-22T22:50:00,28,11,nan,nan,140.92783075339202,12.004326215574531,nan,-150.56188868017352,False,False
2025-07-22T23:00:00,28,12,nan,nan,141.03938354983387,14.230473616867874,nan,-150.56876583936767,False,False
2025-07-22T23:10:00,28,13,nan,nan,141.16494635340155,16.457084830605353,nan,-150.57564292805446,False,False
2025-07-22T23:20:00,28,14,nan,nan,141.30448239496187,18.682153190681863,nan,-150.58251994504934,False,False
2025-07-22T23:30:00,28,15,nan,nan,141.4579114324388,20.90339792072463,nan,-150.5893968904641,False,False
2025-07-22T23:40:00,28,16,nan,nan,141.62510740395462,23.118222652935074,nan,-150.59627376310675,False,False
2025-07-22T23:50:00,28,17,nan,nan,141.80589622975245,25.32366780415045,nan,-150.60315056572,False,False
2025-07-23T00:00:00,28,18,nan,nan,142.00005378661268,27.51635582130124,nan,-150.61002729710845,False,False
2025-07-23T00:10:00,28,19,nan,nan,142.20730412580744,29.692428288872517,nan,-150.6169039573847,False,False
2025-07-23T00:20:00,28,20,nan,nan,142.42731796462837,31.847473861236224,nan,-150.6237805466691,False,False
2025-07-23T00:30:00,28,21,nan,nan,142.6597115054615,33.97644610166528,nan,-150.63065706376136,False,False
2025-07-23T00:40:00,28,22,nan,nan,142.90404563923653,36.073570651455526,nan,-150.6375335114002,False,False
2025-07-23T00:50:00,28,23,nan,nan,143.159825561281,38.13224174093721,nan,-150.64440988839044,False,False
2025-07-23T01:00:00,28,24,nan,nan,143.4265008706326,40.144909228828446,nan,-150.65128619484594,False,False
2025-07-23T01:10:00,28,25,nan,nan,143.7034661736931,42.10295917762447,nan,-150.6581624295625,False,False
2025-07-23T01:20:00,28,26,nan,nan,143.99006224354648,43.99659390746253,nan,-150.66503859528765,False,False
2025-07-23T01:30:00,28,27,nan,nan,144.28557774288737,45.814721726678385,nan,-150.67191469080726,False,False
2025-07-23T01:40:00,28,28,nan,nan,144.58925155684412,47.54487252453911,nan,-150.67879071624742,False,False
2025-07-23T01:50:00,28,29,nan,nan,144.90027572622202,49.173163019847536,nan,-150.68566667170785,False,False
2025-07-23T02:00:00,28,30,nan,nan,145.21779898671764,50.684344238588764,nan,-150.692542555996,False,False
2025-07-23T02:10:00,28,31,nan,nan,145.54093090706183,52.0619719498592,nan,-150.6994183718403,False,False
2025-07-23T02:20:00,28,32,nan,nan,145.86874658012024,53.288744916791465,nan,-150.70629411804208,False,False
2025-07-23T02:30:00,28,33,nan,nan,146.20029185316474,54.34705064641226,nan,-150.71316979470822,False,False
2025-07-23T02:40:00,28,34,nan,nan,146.53458902323445,55.21973742280197,nan,-150.7200454006392,False,False
2025-07-23T02:50:00,28,35,nan,nan,146.8706429471725,55.89109046334427,nan,-150.7269209385636,False,False
2025-07-23T03:00:00,28,36,nan,nan,147.20744746756887,56.34793139838202,nan,-150.73379640727984,False,False
2025-07-23T03:10:00,28,37,nan,nan,147.54399209238355,56.58069804205052,nan,-150.7406718068912,False,False
2025-07-23T03:20:00,28,38,nan,nan,147.8792688118265,56.584320801789865,nan,-150.74754713750983,False,False
2025-07-23T03:30:00,28,39,nan,nan,148.21227895584929,56.358719681009894,nan,-150.75442239792332,False,False
2025-07-23T03:40:00,28,40,nan,nan,148.5420399919371,55.90881230247947,nan,-150.76129759086808,False,False
2025-07-23T03:50:00,28,41,nan,nan,148.86759213602852,55.244031130493475,nan,-150.76817271513613,False,False
2025-07-23T04:00:00,28,42,nan,nan,149.18800469678519,54.37745652542538,nan,-150.77504777082822,False,False
2025-07-23T04:10:00,28,43,nan,nan,149.50238203183008,53.324740471819794,nan,-150.78192275674064,False,False
2025-07-23T04:20:00,28,44,nan,nan,149.80986903834696,52.10300523342969,nan,-150.78879767559965,False,False
2025-07-23T04:30:00,28,45,nan,nan,150.10965607525216,50.729861746191474,nan,-150.79567252619523,False,False
2025-07-23T04:40:00,28,46,nan,nan,150.4009832723873,49.22263054426152,nan,-150.80254730863675,False,False
2025-07-23T04:50:00,28,47,nan,nan,150.68314415225922,47.597789012115335,nan,-150.80942202301455,False,False
2025-07-29T21:00:00,29,0,nan,nan,nan,-6.1407618546221086,nan,nan,False,True
2025-07-29T21:10:00,29,1,nan,nan,nan,-3.970384508843489,nan,nan,False,True
2025-07-29T21:20:00,29,2,nan,nan,nan,-1.7896015222972106,nan,nan,False,True
2025-07-29T21:30:00,29,3,nan,nan,nan,0.4007879268039611,nan,nan,False,True
2025-07-29T21:40:00,29,4,nan,nan,nan,2.59991103539588,nan,nan,False,True
2025-07-29T21:50:00,29,5,nan,nan,nan,4.80680531087347,nan,nan,False,True
2025-07-29T22:00:00,29,6,nan,nan,147.3502182353039,7.020401077896957,nan,-157.4246842390047,False,False
2025-07-29T22:10:00,29,7,nan,nan,147.43014618294532,9.239502206120411,nan,-157.43148035291037,False,False
2025-07-29T22:20:00,29,8,nan,nan,147.52384456476375,11.462764695992108,nan,-157.43827634034986,False,False
2025-07-29T22:30:00,29,9,nan,nan,147.63135908249652,13.688672672471169,nan,-157.4450721998754,False,False
2025-07-29T22:40:00,29,10,nan,nan,147.75269645443598,15.915511312906652,nan,-157.45186793135966,False,False
2025-07-29T22:50:00,29,11,nan,nan,147.88782184213858,18.141336117516268,nan,-157.45866353467065,False,False
2025-07-29T23:00:00,29,12,nan,nan,148.03665633451806,20.363937866733046,nan,-157.46545900836676,False,False
2025-07-29T23:10:00,29,13,nan,nan,148.1990745329977,22.580802513547276,nan,-157.47225435494514,False,False
2025-07-29T23:20:00,29,14,nan,nan,148.37490226063215,24.789065136137175,nan,-157.47904957296277,False,False
2025-07-29T23:30:00,29,15,nan,nan,148.56391446446258,26.985457023474567,nan,-157.4858446622891,False,False
2025-07-29T23:40:00,29,16,nan,nan,148.7658333392379,29.166244854726664,nan,-157.49263962148768,False,False
2025-07-29T23:50:00,29,17,nan,nan,148.98032673741713,31.327160948095536,nan,-157.49943445304575,False,False
2025-07-30T00:00:00,29,18,nan,nan,149.20700689721133,33.46332360459345,nan,-157.50622915552663,False,False
2025-07-30T00:10:00,29,19,nan,nan,149.44542956601083,35.56914687008774,nan,-157.51302372880022,False,False
2025-07-30T00:20:00,29,20,nan,nan,149.69509355096503,37.63823952494735,nan,-157.519818172737,False,False
2025-07-30T00:30:00,29,21,nan,nan,149.95544075490636,39.663294150791316,nan,-157.52661248589163,False,False
2025-07-30T00:40:00,29,22,nan,nan,150.22585674802065,41.63596873539573,nan,-157.53340667076964,False,False
2025-07-30T00:50:00,29,23,nan,nan,150.50567189854473,43.54676590617435,nan,-157.54020072592192,False,False
2025-07-30T01:00:00,29,24,nan,nan,150.79416312245985,45.38491882440113,nan,-157.54699465121953,False,False
2025-07-30T01:10:00,29,25,nan,nan,151.09055625815006,47.13829826619119,nan,-157.55378844521985,False,False
2025-07-30T01:20:00,29,26,nan,nan,151.39402909786767,48.793362707302435,nan,-157.56058211042466,False,False
2025-07-30T01:30:00,29,27,nan,nan,151.70371506060036,50.33518181039933,nan,-157.56737564538776,False,False
2025-07-30T01:40:00,29,28,nan,nan,152.01870752438003,51.74757232093999,nan,-157.57416904998138,False,False
2025-07-30T01:50:00,29,29,nan,nan,152.33806477741996,53.01339092875627,nan,-157.5809623240756,False,False
2025-07-30T02:00:00,29,30,nan,nan,152.66081555864966,54.11502637085599,nan,-157.58775546623318,False,False
2025-07-30T02:10:00,29,31,nan,nan,152.9859651432795,55.03511658220241,nan,-157.59454847894332,False,False
2025-07-30T02:20:00,29,32,nan,nan,153.31250188887452,55.75748074944533,nan,-157.6013413607729,False,False
2025-07-30T02:30:00,29,33,nan,nan,153.63940418775357,56.26820094510706,nan,-157.60813411158816,False,False
2025-07-30T02:40:00,29,34,nan,nan,153.96564771269206,56.55672448328617,nan,-157.61492672995112,False,False
2025-07-30T02:50:00,29,35,nan,nan,154.2902128668272,56.61680940389035,nan,-157.62171921835207,False,False
2025-07-30T03:00:00,29,36,nan,nan,154.61209230397682,56.44712928658882,nan,-157.6285115753575,False,False
2025-07-30T03:10:00,29,37,nan,nan,154.93029842382927,56.05140619324417,nan,-157.6353038008372,False,False
2025-07-30T03:20:00,29,38,nan,nan,155.2438706984254,55.4380415552577,nan,-157.64209589466174,False,False
2025-07-30T03:30:00,29,39,nan,nan,155.55188271060948,54.61932762739537,nan,-157.64888785538608,False,False
2025-07-30T03:40:00,29,40,nan,nan,155.85344878741088,53.6104032314975,nan,-157.65567968551485,False,False
2025-07-30T03:50:00,29,41,nan,nan,156.14773009285727,52.42814145864693,nan,-157.6624713836052,False,False
2025-07-30T04:00:00,29,42,nan,nan,156.43394009707768,51.090127286722414,nan,-157.66926294952947,False,False
2025-07-30T04:10:00,29,43,nan,nan,156.71134930720223,49.61382380563534,nan,-157.67605438184145,False,False
2025-07-30T04:20:00,29,44,nan,nan,156.97928919538043,48.01596400087722,nan,-157.68284568304452,False,False
2025-07-30T04:30:00,29,45,nan,nan,157.23715524415854,46.312158465198564,nan,-157.6896368516969,False,False
2025-07-30T04:40:00,29,46,nan,nan,157.484409092465,44.51668318315046,nan,-157.69642788767194,False,False
2025-07-30T04:50:00,29,47,nan,nan,157.7205797457092,42.64240266506537,nan,-157.70321879083824,False,False
2025-08-05T21:00:00,30,0,nan,nan,nan,-0.13595904115294388,nan,nan,False,True
2025-08-05T21:10:00,30,1,nan,nan,nan,2.0610785251188646,nan,nan,False,True
2025-08-05T21:20:00,30,2,nan,nan,nan,4.266128231197057,nan,nan,False,True
2025-08-05T21:30:00,30,3,nan,nan,153.9519434147041,6.478148183719718,nan,-164.1793393991521,False,False
2025-08-05T21:40:00,30,4,nan,nan,154.0281360888349,8.695974911892936,nan,-164.1859863010834,False,False
2025-08-05T21:50:00,30,5,nan,nan,154.11781488655976,10.91830250404025,nan,-164.1926330729469,False,False
2025-08-05T22:00:00,30,6,nan,nan,154.22102440435035,13.143659286393401,nan,-164.19927971480465,False,False
2025-08-05T22:10:00,30,7,nan,nan,154.33776893962215,15.370381545656379,nan,-164.20592622541014,False,False
2025-08-05T22:20:00,30,8,nan,nan,154.46800979429446,17.59658375519694,nan,-164.21257260745176,False,False
2025-08-05T22:30:00,30,9,nan,nan,154.61166261173688,19.820124647039492,nan,-164.21921885968197,False,False
2025-08-05T22:40:00,30,10,nan,nan,154.76859480893017,22.038568419618716,nan,-164.2258649821633,False,False
2025-08-05T22:50:00,30,11,nan,nan,154.93862312845837,24.249140231064146,nan,-164.2325109749653,False,False
2025-08-05T23:00:00,30,12,nan,nan,155.12151136266246,26.4486750551486,nan,-164.23915683682958,False,False
2025-08-05T23:10:00,30,13,nan,nan,155.3169683063796,28.63355889928019,nan,-164.24580257045565,False,False
2025-08-05T23:20:00,30,14,nan,nan,155.52464597337234,30.799661327081107,nan,-164.2524481745878,False,False
2025-08-05T23:30:00,30,15,nan,nan,155.74413815692344,32.94225832086161,nan,-164.25909364929612,False,False
2025-08-05T23:40:00,30,16,nan,nan,155.97497937277018,35.05594468175968,nan,-164.2657389933223,False,False
2025-08-05T23:50:00,30,17,nan,nan,156.21664425758476,37.1345356544624,nan,-164.2723842093664,False,False
2025-08-06T00:00:00,30,18,nan,nan,156.46854746103006,39.170958289929395,nan,-164.27902929617014,False,False
2025-08-06T00:10:00,30,19,nan,nan,156.73004411191357,41.15713456620579,nan,-164.28567425380322,False,False
2025-08-06T00:20:00,30,20,nan,nan,157.00043089295096,43.083860607594424,nan,-164.29231908232526,False,False
2025-08-06T00:30:00,30,21,nan,nan,157.27894777617405,44.940689916241894,nan,-164.2989637804874,False,False
2025-08-06T00:40:00,30,22,nan,nan,157.564780466752,46.71583366361665,nan,-164.30560835097967,False,False
2025-08-06T00:50:00,30,23,nan,nan,157.85706356745212,48.39609789871499,nan,-164.3122527925531,False,False
2025-08-06T01:00:00,30,24,nan,nan,158.15488450946208,49.966885924370864,nan,-164.31889710526713,False,False
2025-08-06T01:10:00,30,25,nan,nan,158.45728823822543,51.41230283488094,nan,-164.3255412878751,False,False
2025-08-06T01:20:00,30,26,nan,nan,158.7632826633825,52.71540591432362,nan,-164.33218534306667,False,False
2025-08-06T01:30:00,30,27,nan,nan,159.0718448318797,53.858644737417876,nan,-164.33882926959,False,False
2025-08-06T01:40:00,30,28,nan,nan,159.3819278106065,54.82452242004694,nan,-164.34547306750392,False,False
2025-08-06T01:50:00,30,29,nan,nan,159.6924682039225,55.5964785493083,nan,-164.35211673688028,False,False
2025-08-06T02:00:00,30,30,nan,nan,160.00239423736173,56.15994334727682,nan,-164.35876027646074,False,False
2025-08-06T02:10:00,30,31,nan,nan,160.31063431978498,56.50344947349845,nan,-164.36540368893526,False,False
2025-08-06T02:20:00,30,32,nan,nan,160.61612595346833,56.61963295716456,nan,-164.37204697305577,False,False
2025-08-06T02:30:00,30,33,nan,nan,160.91782488576396,56.50593594565133,nan,-164.37869012888729,False,False
2025-08-06T02:40:00,30,34,nan,nan,161.214714336314,56.16486194599452,nan,-164.3853331551683,False,False
2025-08-06T02:50:00,30,35,nan,nan,161.50581415283764,55.60372594653313,nan,-164.39197605459773,False,False
2025-08-06T03:00:00,30,36,nan,nan,161.7901897044295,54.83395584206976,nan,-164.39861882591958,False,False
2025-08-06T03:10:00,30,37,nan,nan,162.06696035564863,53.870093738953926,nan,-164.40526146919697,False,False
2025-08-06T03:20:00,30,38,nan,nan,162.3353073212613,52.72868437523276,nan,-164.41190398449015,False,False
2025-08-06T03:30:00,30,39,nan,nan,162.59448072762115,51.42721960829152,nan,-164.418546370552,False,False
2025-08-06T03:40:00,30,40,nan,nan,162.84380571500705,49.983253247825104,nan,-164.4251886300666,False,False
2025-08-06T03:50:00,30,41,nan,nan,163.08268740961466,48.41373733934191,nan,-164.431830761785,False,False
2025-08-06T04:00:00,30,42,nan,nan,163.31061465418526,46.73457979167703,nan,-164.43847276576483,False,False
2025-08-06T04:10:00,30,43,nan,nan,163.52716237687144,44.96039215450777,nan,-164.44511464075958,False,False
2025-08-06T04:20:00,30,44,nan,nan,163.73199254287917,43.10438373763991,nan,-164.45175638945292,False,False
2025-08-06T04:30:00,30,45,nan,nan,163.92485364506467,41.178358351067224,nan,-164.45839801059583,False,False
2025-08-06T04:40:00,30,46,nan,nan,164.10557876898864,39.19277654892432,nan,-164.46503950424284,False,False
2025-08-06T04:50:00,30,47,nan,nan,164.2740822771582,37.15685506441896,nan,-164.47168087046904,False,False
2025-08-12T21:00:00,31,0,nan,nan,160.50789163601763,5.9369594232919845,nan,-170.80259524246443,False,False
2025-08-12T21:10:00,31,1,nan,nan,160.58005586402547,8.153561196951417,nan,-170.80913353755753,False,False
2025-08-12T21:20:00,31,2,nan,nan,160.66521658824874,10.37501028695703,nan,-170.81567171390722,False,False
2025-08-12T21:30:00,31,3,nan,nan,160.7634075870068,12.599878675646313,nan,-170.8222097700627,False,False
2025-08-12T21:40:00,31,4,nan,nan,160.87461881954178,14.826553146054028,nan,-170.82874770849207,False,False
2025-08-12T21:50:00,31,5,nan,nan,160.99879338308762,17.05320641677521,nan,-170.83528552774405,False,False
2025-08-12T22:00:00,31,6,nan,nan,161.13582448840907,19.277764310918517,nan,-170.8418232276703,False,False
2025-08-12T22:10:00,31,7,nan,nan,161.2855524730384,21.49786823059534,nan,-170.8483608068141,False,False
2025-08-12T22:20:00,31,8,nan,nan,161.44776190848063,23.71083214190288,nan,-170.85489826765485,False,False
2025-08-12T22:30:00,31,9,nan,nan,161.62217883072373,25.913593144692864,nan,-170.86143560873452,False,False
2025-08-12T22:40:00,31,10,nan,nan,161.808468170362,28.10265465873647,nan,-170.86797282990452,False,False
2025-08-12T22:50:00,31,11,nan,nan,162.00623142336963,30.274021168992547,nan,-170.87450993102087,False,False
2025-08-12T23:00:00,31,12,nan,nan,162.21500463173447,32.42312352129221,nan,-170.88104691062037,False,False
2025-08-12T23:10:00,31,13,nan,nan,162.43425674813025,34.54473391750035,nan,-170.8875837711883,False,False
2025-08-12T23:20:00,31,14,nan,nan,162.66338843965997,36.632870118745345,nan,-170.89412051125987,False,False
2025-08-12T23:30:00,31,15,nan,nan,162.901731430753,38.68068914594406,nan,-170.9006571306924,False,False
2025-08-12T23:40:00,31,16,nan,nan,163.14854844624546,40.680372019774396,nan,-170.90719362802346,False,False
2025-08-12T23:50:00,31,17,nan,nan,163.4030338510644,42.62300321822159,nan,-170.91373000574055,False,False
2025-08-13T00:00:00,31,18,nan,nan,163.6643150516087,44.498451737027395,nan,-170.92026626237126,False,False
2025-08-13T00:10:00,31,19,nan,nan,163.93145476671293,46.29526538560006,nan,-170.9268023977763,False,False
2025-08-13T00:20:00,31,20,nan,nan,164.2034542328829,48.000596331530744,nan,-170.93333841180757,False,False
2025-08-13T00:30:00,31,21,nan,nan,164.4792574316714,49.60018399877829,nan,-170.939874303005,False,False
2025-08-13T00:40:00,31,22,nan,nan,164.75775641829642,51.078430262729455,nan,-170.94641007384712,False,False
2025-08-13T00:50:00,31,23,nan,nan,165.03779780213924,52.4186094453544,nan,-170.95294572287867,False,False
2025-08-13T01:00:00,31,24,nan,nan,165.31819045669477,53.603257953162284,nan,-170.95948124994533,False,False
2025-08-13T01:10:00,31,25,nan,nan,165.59771447894673,54.6147796778411,nan,-170.96601665359154,False,False
2025-08-13T01:20:00,31,26,nan,nan,165.8751314267578,55.436277355750704,nan,-170.9725519362959,False,False
2025-08-13T01:30:00,31,27,nan,nan,166.14919580197716,56.05257368115195,nan,-170.979087096598,False,False
2025-08-13T01:40:00,31,28,nan,nan,166.41866774752364,56.45132428953085,nan,-170.9856221343532,False,False
2025-08-13T01:50:00,31,29,nan,nan,166.6823268403171,56.62406512693875,nan,-170.9921570494096,False,False
2025-08-13T02:00:00,31,30,nan,nan,166.93898682603398,56.567006386945486,nan,-170.99869184030908,False,False
2025-08-13T02:10:00,31,31,nan,nan,167.1875110737406,56.28140834043623,nan,-171.0052265095326,False,False
2025-08-13T02:20:00,31,32,nan,nan,167.4268284348017,55.77345494959319,nan,-171.01176105561444,False,False
2025-08-13T02:30:00,31,33,nan,nan,167.65594914785308,55.05365397603898,nan,-171.0182954784165,False,False
2025-08-13T02:40:00,31,34,nan,nan,167.87398032142016,54.13589390337646,nan,-171.02482977646827,False,False
2025-08-13T02:50:00,31,35,nan,nan,168.08014048892286,53.036341416501266,nan,-171.031363952259,False,False
2025-08-13T03:00:00,31,36,nan,nan,168.27377266110867,51.77235766858804,nan,-171.03789800431977,False,False
2025-08-13T03:10:00,31,37,nan,nan,168.45435531791753,50.361563091571476,nan,-171.0444319325109,False,False
2025-08-13T03:20:00,31,38,nan,nan,168.621510773842,48.82111693002566,nan,-171.05096573667768,False,False
2025-08-13T03:30:00,31,39,nan,nan,168.775010435581,47.1672221978971,nan,-171.05749941536598,False,False
2025-08-13T03:40:00,31,40,nan,nan,168.91477658085887,45.41483051422607,nan,-171.0640329710502,False,False
2025-08-13T03:50:00,31,41,nan,nan,169.0408804258201,43.577504600542426,nan,-171.0705664022751,False,False
2025-08-13T04:00:00,31,42,nan,nan,169.1535364549492,41.66739376393359,nan,-171.07709970888848,False,False
2025-08-13T04:10:00,31,43,nan,nan,169.25309315899221,39.695283255770484,nan,-171.0836328894354,False,False
2025-08-13T04:20:00,31,44,nan,nan,169.34002053729927,37.67068694509387,nan,-171.09016594638976,False,False
2025-08-13T04:30:00,31,45,nan,nan,169.41489487362267,35.601961404122235,nan,-171.09669887829696,False,False
2025-08-13T04:40:00,31,46,nan,nan,169.4783814432493,33.49642675704102,nan,-171.10323168500582,False,False
2025-08-13T04:50:00,31,47,nan,nan,169.53121586792093,31.36048523530718,nan,-171.10976436637208,False,False
2025-08-19T21:00:00,32,0,nan,nan,167.20220183402174,12.036198166599114,nan,-177.32332159829937,False,False
2025-08-19T21:10:00,32,1,nan,nan,167.30505056824646,14.262558768340792,nan,-177.32973476196332,False,False
2025-08-19T21:20:00,32,2,nan,nan,167.4196365450597,16.48938244373428,nan,-177.33614787435803,False,False
2025-08-19T21:30:00,32,3,nan,nan,167.5457704516411,18.7146609159725,nan,-177.34256093433382,False,False
2025-08-19T21:40:00,32,4,nan,nan,167.6831942588758,20.936111485662888,nan,-177.34897394469186,False,False
2025-08-19T21:50:00,32,5,nan,nan,167.83157646660567,23.151135479648783,nan,-177.355386904287,False,False
2025-08-19T22:00:00,32,6,nan,nan,167.99050727062095,25.356770546829253,nan,-177.36179981328934,False,False
2025-08-19T22:10:00,32,7,nan,nan,168.15949368332306,27.549635809801316,nan,-177.36821267055154,False,False
2025-08-19T22:20:00,32,8,nan,nan,168.3379546834516,29.725868853520396,nan,-177.37462547887108,False,False
2025-08-19T22:30:00,32,9,nan,nan,168.525216458603,31.88105350200443,nan,-177.38103823709878,False,False
2025-08-19T22:40:00,32,10,nan,nan,168.72050786526262,34.010137492782306,nan,-177.3874509454072,False,False
2025-08-19T22:50:00,32,11,nan,nan,168.92295622387064,36.10733943292835,nan,-177.3938636039598,False,False
2025-08-19T23:00:00,32,12,nan,nan,169.13158362574708,38.16604507819555,nan,-177.4002762116127,False,False
2025-08-19T23:10:00,32,13,nan,nan,169.34530397660646,40.178694107776316,nan,-177.40668877115647,False,False
2025-08-19T23:20:00,32,14,nan,nan,169.56292104147204,42.13666041706228,nan,-177.41310128144522,False,False
2025-08-19T23:30:00,32,15,nan,nan,169.78312786446457,44.03013190588423,nan,-177.41951374264374,False,False
2025-08-19T23:40:00,32,16,nan,nan,170.00450798663013,45.8480000066047,nan,-177.4259261536092,False,False
2025-08-19T23:50:00,32,17,nan,nan,170.22553900941634,47.57777520423094,nan,-177.43233851712566,False,False
2025-08-20T00:00:00,32,18,nan,nan,170.44459912528762,49.20555245325075,nan,-177.43875083205114,False,False
2025-08-20T00:10:00,32,19,nan,nan,170.65997736353896,50.7160592228503,nan,-177.44516309854643,False,False
2025-08-20T00:20:00,32,20,nan,nan,170.86988833407784,52.09282706513363,nan,-177.4515753167753,False,False
2025-08-20T00:30:00,32,21,nan,nan,171.072492275746,53.318531709100746,nan,-177.45798748559108,False,False
2025-08-20T00:40:00,32,22,nan,nan,171.2659211382782,54.37554144195116,nan,-177.464399607785,False,False
2025-08-20T00:50:00,32,23,nan,nan,171.44831118645132,55.24669241862772,nan,-177.4708116822004,False,False
2025-08-20T01:00:00,32,24,nan,nan,171.61784224671536,55.91626831602111,nan,-177.4772237090065,False,False
2025-08-20T01:10:00,32,25,nan,nan,171.77278308627993,56.37110277512078,nan,-177.48363568704715,False,False
2025-08-20T01:20:00,32,26,nan,nan,171.91154163852707,56.60166065867612,nan,-177.49004761911493,False,False
2025-08-20T01:30:00,32,27,nan,nan,172.03271784190724,56.60291368540686,nan,-177.4964595040582,False,False
2025-08-20T01:40:00,32,28,nan,nan,172.13515594981388,56.3748341551022,nan,-177.50287134203558,False,False
2025-08-20T01:50:00,32,29,nan,nan,172.2179924062424,55.922397729927354,nan,-177.5092831332106,False,False
2025-08-20T02:00:00,32,30,nan,nan,172.2806950593233,55.25509464100182,nan,-177.51569487642837,False,False
2025-08-20T02:10:00,32,31,nan,nan,172.32308973735462,54.38605733014102,nan,-177.52210657447782,False,False
2025-08-20T02:20:00,32,32,nan,nan,172.3453711295513,53.330980403735246,nan,-177.52851822620326,False,False
2025-08-20T02:30:00,32,33,nan,nan,172.34809642733262,52.10701753997348,nan,-177.53492983176528,False,False
2025-08-20T02:40:00,32,34,nan,nan,172.33216201303756,50.73179994454014,nan,-177.54134139000877,False,False
2025-08-20T02:50:00,32,35,nan,nan,172.29876531080401,49.22265859383594,nan,-177.5477529037213,False,False
2025-08-20T03:00:00,32,36,nan,nan,172.24935536496955,47.59607343691414,nan,-177.55416437174964,False,False
2025-08-20T03:10:00,32,37,nan,nan,172.1855765415245,45.867331214487244,nan,-177.5605757942453,False,False
2025-08-20T03:20:00,32,38,nan,nan,172.1092098797155,44.05035230649541,nan,-177.56698717137098,False,False
2025-08-20T03:30:00,32,39,nan,nan,172.0221161376857,42.15764157741128,nan,-177.5733985019698,False,False
2025-08-20T03:40:00,32,40,nan,nan,171.9261836776163,40.200322242488745,nan,-177.5798097888261,False,False
2025-08-20T03:50:00,32,41,nan,nan,171.82328327229519,38.18821995810171,nan,-177.586221030781,False,False
2025-08-20T04:00:00,32,42,nan,nan,171.71523086358914,36.12997310464794,nan,-177.5926322279919,False,False
2025-08-20T04:10:00,32,43,nan,nan,171.6037584479812,34.0331529631253,nan,-177.59904337930018,False,False
2025-08-20T04:20:00,32,44,nan,nan,171.49049262064187,31.904383455591677,nan,-177.60545448749278,False,False
2025-08-20T04:30:00,32,45,nan,nan,171.37693992850848,29.749454472368246,nan,-177.61186555140407,False,False
2025-08-20T04:40:00,32,46,nan,nan,171.2644779728366,27.57342569991494,nan,-177.61827657119514,False,False
2025-08-20T04:50:00,32,47,nan,nan,171.15435118108604,25.380719782752138,nan,-177.624687547015,False,False
2025-08-26T21:00:00,33,0,nan,nan,173.48692379113493,18.171616431860976,nan,176.22952925475263,False,False
2025-08-26T21:10:00,33,1,nan,nan,173.58509675231468,20.39420337869988,nan,176.22315961060323,False,False
2025-08-26T21:20:00,33,2,nan,nan,173.68777504211909,22.61102238359302,nan,176.21679005427347,False,False
2025-08-26T21:30:00,33,3,nan,nan,173.79378932308717,24.819203880537952,nan,176.2104205871708,False,False
2025-08-26T21:40:00,33,4,nan,nan,173.90177087852453,27.015473794488578,nan,176.2040512067594,False,False
2025-08-26T21:50:00,33,5,nan,nan,174.010139720822,29.19609260274778,nan,176.19768191445868,False,False
2025-08-26T22:00:00,33,6,nan,nan,174.11709662678064,31.356785455073318,nan,176.19131271034806,False,False
2025-08-26T22:10:00,33,7,nan,nan,174.220621612532,33.49266237871669,nan,176.18494359585165,False,False
2025-08-26T22:20:00,33,8,nan,nan,174.31848206300722,35.59812788430363,nan,176.1785745684286,False,False
2025-08-26T22:30:00,33,9,nan,nan,174.408254277167,37.66677979971751,nan,176.17220562949203,False,False
2025-08-26T22:40:00,33,10,nan,nan,174.48736239017654,39.69129819133212,nan,176.16583677913235,False,False
2025-08-26T22:50:00,33,11,nan,nan,174.55313807103653,41.663326858387684,nan,176.15946801744386,False,False
2025-08-26T23:00:00,33,12,nan,nan,174.60290275327185,43.57335254136956,nan,176.15309934583632,False,False
2025-08-26T23:10:00,33,13,nan,nan,174.6340711515335,45.4105909214138,nan,176.14673076177414,False,False
2025-08-26T23:20:00,33,14,nan,nan,174.64427058999408,47.16289402172092,nan,176.14036226666707,False,False
2025-08-26T23:30:00,33,15,nan,nan,174.63146595456485,48.81670094335755,nan,176.13399386060922,False,False
2025-08-26T23:40:00,33,16,nan,nan,174.5940762140645,50.35706245607736,nan,176.12762554499827,False,False
2025-08-26T23:50:00,33,17,nan,nan,174.53106706531176,51.76777855707198,nan,176.12125731731186,False,False
2025-08-27T00:00:00,33,18,nan,nan,174.44200647931203,53.03169361224006,nan,176.11488917894806,False,False
2025-08-27T00:10:00,33,19,nan,nan,174.32707566856013,54.13119129077224,nan,176.10852113000453,False,False
2025-08-27T00:20:00,33,20,nan,nan,174.1870357621549,55.048914778378055,nan,176.10215317056816,False,False
2025-08-27T00:30:00,33,21,nan,nan,174.02315785274823,55.76870157650433,nan,176.09578530204925,False,False
2025-08-27T00:40:00,33,22,nan,nan,173.8371289472493,56.276666727180434,nan,176.08941752190648,False,False
2025-08-27T00:50:00,33,23,nan,nan,173.63094774575984,56.562304785549195,nan,176.0830498315536,False,False
2025-08-27T01:00:00,33,24,nan,nan,173.40682243517605,56.61943245095171,nan,176.07668223107146,False,False
2025-08-27T01:10:00,33,25,nan,nan,173.1670791655278,56.44678823867547,nan,176.07031472187205,False,False
2025-08-27T01:20:00,33,26,nan,nan,172.91408589325306,56.04815895540373,nan,176.0639473014169,False,False
2025-08-27T01:30:00,33,27,nan,nan,172.65019292951322,55.4320042556519,nan,176.0575799711086,False,False
2025-08-27T01:40:00,33,28,nan,nan,172.3776891759,54.61066328178769,nan,176.05121273104112,False,False
2025-08-27T01:50:00,33,29,nan,nan,172.09877179690943,53.599307912723404,nan,176.04484558130096,False,False
2025-08-27T02:00:00,33,30,nan,nan,171.81552661878683,52.41483031014261,nan,176.03847852328954,False,False
2025-08-27T02:10:00,33,31,nan,nan,171.52991663016303,51.0748221579647,nan,176.03211155447775,False,False
2025-08-27T02:20:00,33,32,nan,nan,171.24377634382589,49.59674348583874,nan,176.02574467625675,False,False
2025-08-27T02:30:00,33,33,nan,nan,170.95881019476175,47.99731729218414,nan,176.0193778887282,False,False
2025-08-27T02:40:00,33,34,nan,nan,170.67659363383194,46.292139838266074,nan,176.01301119328272,False,False
2025-08-27T02:50:00,33,35,nan,nan,170.3985759258414,44.49547051926731,nan,176.006644587393,False,False
2025-08-27T03:00:00,33,36,nan,nan,170.12608399626035,42.62015653554634,nan,176.00027807245132,False,False
2025-08-27T03:10:00,33,37,nan,nan,169.8603268544426,40.67764985920007,nan,175.99391164855112,False,False
2025-08-27T03:20:00,33,38,nan,nan,169.6024003254628,38.67808156972343,nan,175.98754531577782,False,False
2025-08-27T03:30:00,33,39,nan,nan,169.35329191021893,36.63036747031642,nan,175.98117907553484,False,False
2025-08-27T03:40:00,33,40,nan,nan,169.11388566636595,34.542326943972064,nan,175.97481292528167,False,False
2025-08-27T03:50:00,33,41,nan,nan,168.88496707387276,32.42080345231817,nan,175.9684468664178,False,False
2025-08-27T04:00:00,33,42,nan,nan,168.66722783259743,30.27177975013597,nan,175.96208089903394,False,False
2025-08-27T04:10:00,33,43,nan,nan,168.46127059904694,28.100484164274683,nan,175.95571502452466,False,False
2025-08-27T04:20:00,33,44,nan,nan,168.26761364156144,25.911486360705652,nan,175.94934924035553,False,False
2025-08-27T04:30:00,33,45,nan,nan,168.08669543023538,23.70878234878185,nan,175.9429835479204,False,False
2025-08-27T04:40:00,33,46,nan,nan,167.91887913266305,21.495869172660342,nan,175.9366179473071,False,False
2025-08-27T04:50:00,33,47,nan,nan,167.7644570286873,19.275810162040692,nan,175.93025243860862,False,False
2025-09-02T21:00:00,34,0,nan,nan,175.26871742516136,24.28326624447401,nan,169.85897516811613,False,False
2025-09-02T21:10:00,34,1,nan,nan,175.13471406964683,26.482774197391272,nan,169.8526997833627,False,False
2025-09-02T21:20:00,34,2,nan,nan,174.98403157816864,28.667591312812096,nan,169.84642445838375,False,False
2025-09-02T21:30:00,34,3,nan,nan,174.81643432372186,30.833580365248835,nan,169.84014919436564,False,False
2025-09-02T21:40:00,34,4,nan,nan,174.63183999835655,32.97600942422191,nan,169.83387398856016,False,False
2025-09-02T21:50:00,34,5,nan,nan,174.430320229254,35.08946407009469,nan,169.82759884215486,False,False
2025-09-02T22:00:00,34,6,nan,nan,174.21209630074438,37.167748824647276,nan,169.8213237550254,False,False
2025-09-02T22:10:00,34,7,nan,nan,173.97753114224113,39.20377832022694,nan,169.81504872836072,False,False
2025-09-02T22:20:00,34,8,nan,nan,173.72711876361163,41.18946023936608,nan,169.80877375940847,False,False
2025-09-02T22:30:00,34,9,nan,nan,173.46147225418318,43.115574393080124,nan,169.80249884935847,False,False
2025-09-02T22:40:00,34,10,nan,nan,173.18131121924083,44.971655932096475,nan,169.7962239980892,False,False
2025-09-02T22:50:00,34,11,nan,nan,172.8874493332264,46.74589578566701,nan,169.78994920547066,False,False
2025-09-02T23:00:00,34,12,nan,nan,172.58078242966917,48.42507831939882,nan,169.78367447269815,False,False
2025-09-02T23:10:00,34,13,nan,nan,172.2622773459158,49.99458458286811,nan,169.77739979701147,False,False
2025-09-02T23:20:00,34,14,nan,nan,171.93296161447725,51.4384982883735,nan,169.77112517960703,False,False
2025-09-02T23:30:00,34,15,nan,nan,171.59391394029308,52.73985834253276,nan,169.76485062035735,False,False
2025-09-02T23:40:00,34,16,nan,nan,171.24625539147215,53.88110178197428,nan,169.75857612045016,False,False
2025-09-02T23:50:00,34,17,nan,nan,170.89114116621883,54.84472836327491,nan,169.7523016771363,False,False
2025-09-03T00:00:00,34,18,nan,nan,170.5297528366256,55.6141868556738,nan,169.74602729160335,False,False
2025-09-03T00:10:00,34,19,nan,nan,170.1632909343688,56.174931808839474,nan,169.73975296372495,False,False
2025-09-03T00:20:00,34,20,nan,nan,169.7929678135762,56.51553624597394,nan,169.7334786933805,False,False
2025-09-03T00:30:00,34,21,nan,nan,169.42000073227422,56.62869099874368,nan,169.72720448175443,False,False
2025-09-03T00:40:00,34,22,nan,nan,169.04560511098046,56.51190318811822,nan,169.72093032609675,False,False
2025-09-03T00:50:00,34,23,nan,nan,168.67098798745533,56.16774518278956,nan,169.7146562275932,False,False
2025-09-03T01:00:00,34,24,nan,nan,168.29734165334796,55.60359779235549,nan,169.70838218612533,False,False
2025-09-03T01:10:00,34,25,nan,nan,167.92583752677416,54.83094568563109,nan,169.70210820287514,False,False
2025-09-03T01:20:00,34,26,nan,nan,167.5576202851621,53.864374775883896,nan,169.69583427509653,False,False
2025-09-03T01:30:00,34,27,nan,nan,167.19380232967066,52.720459210175214,nan,169.68956040397103,False,False
2025-09-03T01:40:00,34,28,nan,nan,166.83545860222293,51.416706577790194,nan,169.68328658938293,False,False
2025-09-03T01:50:00,34,29,nan,nan,166.4836218256827,49.97067488303296,nan,169.67701283119712,False,False
2025-09-03T02:00:00,34,30,nan,nan,166.1392782043246,48.399311576981816,nan,169.67073913060938,False,False
2025-09-03T02:10:00,34,31,nan,nan,165.8033636147718,46.718513929183366,nan,169.66446548486326,False,False
2025-09-03T02:20:00,34,32,nan,nan,165.4767603385533,44.94287917877278,nan,169.65819189515332,False,False
2025-09-03T02:30:00,34,33,nan,nan,165.16029432679582,43.08560050274758,nan,169.65191836134957,False,False
2025-09-03T02:40:00,34,34,nan,nan,164.8547330302019,41.15846507895033,nan,169.64564488464268,False,False
2025-09-03T02:50:00,34,35,nan,nan,164.56078377668962,39.17191720981887,nan,169.6393714622788,False,False
2025-09-03T03:00:00,34,36,nan,nan,164.27909271003998,37.13515829657348,nan,169.6330980954458,False,False
2025-09-03T03:10:00,34,37,nan,nan,164.01024424221958,35.05626377984154,nan,169.62682478401908,False,False
2025-09-03T03:20:00,34,38,nan,nan,163.75476101467564,32.94230404572639,nan,169.6205515278798,False,False
2025-09-03T03:30:00,34,39,nan,nan,163.51310432843917,30.79946138768006,nan,169.61427832820726,False,False
2025-09-03T03:40:00,34,40,nan,nan,163.2856749979206,28.63313867916356,nan,169.60800518225383,False,False
2025-09-03T03:50:00,34,41,nan,nan,163.07281460725733,26.4480577847101,nan,169.60173209120902,False,False
2025-09-03T04:00:00,34,42,nan,nan,162.87480709629386,24.248347162836875,nan,169.59545905494775,False,False
2025-09-03T04:10:00,34,43,nan,nan,162.69188065247272,22.037619010771582,nan,169.58918607465426,False,False
2025-09-03T04:20:00,34,44,nan,nan,162.52420984542937,19.81903672466771,nan,169.58291314758117,False,False
2025-09-03T04:30:00,34,45,nan,nan,162.37191798054977,17.59537368422947,nan,169.57664027491387,False,False
2025-09-03T04:40:00,34,46,nan,nan,162.23507959977445,15.369064380334319,nan,169.57036745653016,False,False
2025-09-03T04:50:00,34,47,nan,nan,162.11372310839025,13.142248910546444,nan,169.56409469230354,False,False
2025-09-09T21:00:00,35,0,nan,nan,169.55727681039465,30.299264799392606,nan,163.5502396550919,False,False
2025-09-09T21:10:00,35,1,nan,nan,169.31965938471214,32.44775875455357,nan,163.54399841882005,False,False
2025-09-09T21:20:00,35,2,nan,nan,169.06755294493425,34.568659412727094,nan,163.53775724605168,False,False
2025-09-09T21:30:00,35,3,nan,nan,168.80138470193165,36.655971898115205,nan,163.5315161382077,False,False
2025-09-09T21:40:00,35,4,nan,nan,168.52164156770812,38.70283915963854,nan,163.52527509278102,False,False
2025-09-09T21:50:00,35,5,nan,nan,168.22887021784388,40.70142671347252,nan,163.5190341111906,False,False
2025-09-09T22:00:00,35,6,nan,nan,167.92367666603536,42.64280222170768,nan,163.5127931935519,False,False
2025-09-09T22:10:00,35,7,nan,nan,167.60672534368044,44.51681685648002,nan,163.50655234128658,False,False
2025-09-09T22:20:00,35,8,nan,nan,167.27873764193865,46.312000157726686,nan,163.50031155188307,False,False
2025-09-09T22:30:00,35,9,nan,nan,166.94048992099857,48.015486507128394,nan,163.4940708267588,False,False
2025-09-09T22:40:00,35,10,nan,nan,166.59281094633454,49.61299943634192,nan,163.48783016603014,False,False
2025-09-09T22:50:00,35,11,nan,nan,166.23657877222482,51.08892879424552,nan,163.4815895698058,False,False
2025-09-09T23:00:00,35,12,nan,nan,165.87271707386535,52.42654330348146,nan,163.47534903950648,False,False
2025-09-09T23:10:00,35,13,nan,nan,165.50219094012778,53.60838320278226,nan,163.46910857261287,False,False
2025-09-09T23:20:00,35,14,nan,nan,165.12600218047322,54.616868731223704,nan,163.462868170554,False,False
2025-09-09T23:30:00,35,15,nan,nan,164.74518415854837,55.43513400899729,nan,163.4566278334329,False,False
2025-09-09T23:40:00,35,16,nan,nan,164.36079622996778,56.04804923680605,nan,163.45038756267252,False,False
2025-09-09T23:50:00,35,17,nan,nan,163.9739178298213,56.44333246089458,nan,163.4441473557513,False,False
2025-09-10T00:00:00,35,18,nan,nan,163.58564230654284,56.61259294651702,nan,163.43790721409778,False,False
2025-09-10T00:10:00,35,19,nan,nan,163.1970705509523,56.5521186374068,nan,163.4316671378103,False,False
2025-09-10T00:20:00,35,20,nan,nan,162.80930453137844,56.263244202875924,nan,163.42542712700134,False,False
2025-09-10T00:30:00,35,21,nan,nan,162.4234408086388,55.75221730747957,nan,163.41918718308486,False,False
2025-09-10T00:40:00,35,22,nan,nan,162.04056411875692,55.02959345120731,nan,163.41294730354758,False,False
2025-09-10T00:50:00,35,23,nan,nan,161.6617411297948,54.1092906165175,nan,163.4067074897996,False,False
2025-09-10T01:00:00,35,24,nan,nan,161.28801442673327,53.00748740287951,nan,163.40046774195628,False,False
2025-09-10T01:10:00,35,25,nan,nan,160.92039682568338,51.74154207133366,nan,163.394228061428,False,False
2025-09-10T01:20:00,35,26,nan,nan,160.55986606903667,50.32906117140235,nan,163.3879884456968,False,False
2025-09-10T01:30:00,35,27,nan,nan,160.20735998549304,48.78718297800771,nan,163.38174889617986,False,False
2025-09-10T01:40:00,35,28,nan,nan,159.86377213460398,47.13208581066039,nan,163.3755094129796,False,False
2025-09-10T01:50:00,35,29,nan,nan,159.5299479964481,45.37869543988566,nan,163.36926999619575,False,False
2025-09-10T02:00:00,35,30,nan,nan,159.20668172536625,43.54054933509084,nan,163.36303064725067,False,False
2025-09-10T02:10:00,35,31,nan,nan,158.89471347508183,41.62977321390042,nan,163.35679136361819,False,False
2025-09-10T02:20:00,35,32,nan,nan,158.59472732074516,39.65713095356306,nan,163.3505521467121,False,False
2025-09-10T02:30:00,35,33,nan,nan,158.30734974110248,37.632117457999726,nan,163.3443129966356,False,False
2025-09-10T02:40:00,35,34,nan,nan,158.03314866744313,35.56307270909511,nan,163.33807391480588,False,False
2025-09-10T02:50:00,35,35,nan,nan,157.77263305635475,33.457302458434576,nan,163.33183489869364,False,False
2025-09-10T03:00:00,35,36,nan,nan,157.52625297691492,31.32119657025554,nan,163.32559594971522,False,False
2025-09-10T03:10:00,35,37,nan,nan,157.29440014491092,29.160339901617863,nan,163.31935706796673,False,False
2025-09-10T03:20:00,35,38,nan,nan,157.07740888315212,26.979613259514668,nan,163.3131182535497,False,False
2025-09-10T03:30:00,35,39,nan,nan,156.87555745480057,24.783283607478797,nan,163.30687950788027,False,False
2025-09-10T03:40:00,35,40,nan,nan,156.68906971532982,22.57508367799876,nan,163.30064082842966,False,False
2025-09-10T03:50:00,35,41,nan,nan,156.51811705636527,20.358281708719307,nan,163.2944022166046,False,False
2025-09-10T04:00:00,35,42,nan,nan,156.36282056586148,18.135742234774817,nan,163.28816367251076,False,False
2025-09-10T04:10:00,35,43,nan,nan,156.2232533812465,15.909978992900797,nan,163.28192519755254,False,False
2025-09-10T04:20:00,35,44,nan,nan,156.09944317524258,13.683200943305057,nan,163.275686789205,False,False
2025-09-10T04:30:00,35,45,nan,nan,155.99137475547613,11.457352377839438,nan,163.26944844887652,False,False
2025-09-10T04:40:00,35,46,nan,nan,155.89899271275178,9.234147947902386,nan,163.26321017666507,False,False
2025-09-10T04:50:00,35,47,nan,nan,155.82220410452467,7.015103386742641,nan,163.25697197266132,False,False
2025-09-16T21:00:00,36,0,nan,nan,162.4693488330928,36.133096625670355,nan,157.2858794098856,False,False
2025-09-16T21:10:00,36,1,nan,nan,162.19121973838085,38.19094577102046,nan,157.27966480930198,False,False
2025-09-16T21:20:00,36,2,nan,nan,161.90021886725674,40.20260087622345,nan,157.27345014289887,False,False
2025-09-16T21:30:00,36,3,nan,nan,161.59692842281052,42.159418866025966,nan,157.26723541187437,False,False
2025-09-16T21:40:00,36,4,nan,nan,161.28198784219268,44.051569363886536,nan,157.2610206134774,False,False
2025-09-16T21:50:00,36,5,nan,nan,160.95609276902118,45.86792465002509,nan,157.25480574890307,False,False
2025-09-16T22:00:00,36,6,nan,nan,160.61999345185723,47.59597595178078,nan,157.24859081802978,False,False
2025-09-16T22:10:00,36,7,nan,nan,160.27449257515892,49.22180008697005,nan,157.24237582205663,False,False
2025-09-16T22:20:00,36,8,nan,nan,159.92044249835985,50.73010929598167,nan,157.23616075823125,False,False
2025-09-16T22:30:00,36,9,nan,nan,159.55874193127923,52.10442520325402,nan,157.2299456277544,False,False
2025-09-16T22:40:00,36,10,nan,nan,159.19033203255213,53.32742188398937,nan,157.22373043050766,False,False
2025-09-16T22:50:00,36,11,nan,nan,158.81619198181772,54.3814774800452,nan,157.21751516637363,False,False
2025-09-16T23:00:00,36,12,nan,nan,158.43733405884691,55.24945247576687,nan,157.2112998365512,False,False
2025-09-16T23:10:00,36,13,nan,nan,158.05479827426674,55.9156712060191,nan,157.2050844383,False,False
2025-09-16T23:20:00,36,14,nan,nan,157.66964663718204,56.36702410983134,nan,157.1988689728166,False,False
2025-09-16T23:30:00,36,15,nan,nan,157.28295710199555,56.594046073026306,nan,157.19265343999092,False,False
2025-09-16T23:40:00,36,16,nan,nan,156.89581729826958,56.591786393965016,nan,157.1864378410182,False,False
2025-09-16T23:50:00,36,17,nan,nan,156.50931811141163,56.36029496761188,nan,157.1802221731659,False,False
2025-09-17T00:00:00,36,18,nan,nan,156.12454722739207,55.90461727693365,nan,157.17400643762556,False,False
2025-09-17T00:10:00,36,19,nan,nan,155.74258270294035,55.23429933262168,nan,157.16779063429482,False,False
2025-09-17T00:20:00,36,20,nan,nan,155.36448666878815,54.36251179676544,nan,157.16157476306475,False,False
2025-09-17T00:30:00,36,21,nan,nan,154.99129925299968,53.304969467352,nan,157.15535882513,False,False
2025-09-17T00:40:00,36,22,nan,nan,154.62403278876852,52.07883018387704,nan,157.14914281776367,False,False
2025-09-17T00:50:00,36,23,nan,nan,154.26366640610232,50.70171673276493,nan,157.14292674216455,False,False
2025-09-17T01:00:00,36,24,nan,nan,153.91114104039326,49.19094296293843,nan,157.13671059822607,False,False
2025-09-17T01:10:00,36,25,nan,nan,153.56735493492258,47.56296654038234,nan,157.13049438716195,False,False
2025-09-17T01:20:00,36,26,nan,nan,153.23315966130488,45.83304962048911,nan,157.12427810622552,False,False
2025-09-17T01:30:00,36,27,nan,nan,152.9093567117848,44.0150877545324,nan,157.11806175663676,False,False
2025-09-17T01:40:00,36,28,nan,nan,152.59669465178712,42.12156206179776,nan,157.1118453382845,False,False
2025-09-17T01:50:00,36,29,nan,nan,152.29586686178607,40.1635738602497,nan,157.1056288510641,False,False
2025-09-17T02:00:00,36,30,nan,nan,152.00750985667133,38.150929101643584,nan,157.09941229618912,False,False
2025-09-17T02:10:00,36,31,nan,nan,151.73220216112776,36.092248733547315,nan,157.0931956709247,False,False
2025-09-17T02:20:00,36,32,nan,nan,151.47046373971045,33.99508879622179,nan,157.08697897648426,False,False
2025-09-17T02:30:00,36,33,nan,nan,151.2227559217674,31.866059991287717,nan,157.08076221276875,False,False
2025-09-17T02:40:00,36,34,nan,nan,150.98948180757964,29.71094079392674,nan,157.07454538098486,False,False
2025-09-17T02:50:00,36,35,nan,nan,150.77098709680584,27.534781062067005,nan,157.06832847841002,False,False
2025-09-17T03:00:00,36,36,nan,nan,150.56756131696224,25.34199499478134,nan,157.0621115062536,False,False
2025-09-17T03:10:00,36,37,nan,nan,150.37943937645113,23.136443381302772,nan,157.05589446442278,False,False
2025-09-17T03:20:00,36,38,nan,nan,150.206803415597,20.92150575504138,nan,157.04967735281434,False,False
2025-09-17T03:30:00,36,39,nan,nan,150.04978490102303,18.700143358638535,nan,157.043460172645,False,False
2025-09-17T03:40:00,36,40,nan,nan,149.9084669101017,16.474953942945245,nan,157.03724292118855,False,False
2025-09-17T03:50:00,36,41,nan,nan,149.78288658200745,14.24821944853052,nan,157.0310255996707,False,False
2025-09-17T04:00:00,36,42,nan,nan,149.67303766592394,12.021947517360609,nan,157.02480820798183,False,False
2025-09-17T04:10:00,36,43,nan,nan,149.578873150186,9.797907735031174,nan,157.01859074735134,False,False
2025-09-17T04:20:00,36,44,nan,nan,149.50030792067702,7.577663371960181,nan,157.0123732150561,False,False
2025-09-17T04:30:00,36,45,nan,nan,149.43722143887572,5.362599327248286,nan,157.0061556123116,False,False
2025-09-17T04:40:00,36,46,nan,nan,nan,3.153946846871962,nan,nan,False,True
2025-09-17T04:50:00,36,47,nan,nan,nan,0.952805549041117,nan,nan,False,True
2025-09-23T21:00:00,37,0,nan,nan,155.01296237747985,41.68613361165398,nan,150.9900744550027,False,False
2025-09-23T21:10:00,37,1,nan,nan,154.7028601128833,43.59463698025472,nan,150.98381162486797,False,False
2025-09-23T21:20:00,37,2,nan,nan,154.3817865119476,45.43014147206114,nan,150.97754879188,False,False
2025-09-23T21:30:00,37,3,nan,nan,154.0504682213198,47.180478727005315,nan,150.97128595740645,False,False
2025-09-23T21:40:00,37,4,nan,nan,153.709684629905,48.83206877567048,nan,150.9650231188627,False,False
2025-09-23T21:50:00,37,5,nan,nan,153.3602653446923,50.36994653436077,nan,150.95876027762196,False,False
2025-09-23T22:00:00,37,6,nan,nan,153.00308706904042,51.77790193250374,nan,150.95249743372418,False,False
2025-09-23T22:10:00,37,7,nan,nan,152.6390699194291,53.03877822727298,nan,150.94623458853505,False,False
2025-09-23T22:20:00,37,8,nan,nan,152.26917318768676,54.13497043293239,nan,150.93997173947076,False,False
2025-09-23T22:30:00,37,9,nan,nan,151.89439060936752,55.04914878528342,nan,150.93370888789886,False,False
2025-09-23T22:40:00,37,10,nan,nan,151.51574515750025,55.765195663793506,nan,150.9274460338631,False,False
2025-09-23T22:50:00,37,11,nan,nan,151.1342834438112,56.26928879649182,nan,150.92118317741475,False,False
2025-09-23T23:00:00,37,12,nan,nan,150.7510697897271,56.55100026268599,nan,150.9149203199089,False,False
2025-09-23T23:10:00,37,13,nan,nan,150.36718003781596,56.60423306714047,nan,150.90865745876823,False,False
2025-09-23T23:20:00,37,14,nan,nan,149.98369521034311,56.427812529239176,nan,150.90239459535263,False,False
2025-09-23T23:30:00,37,15,nan,nan,149.60169507389472,56.02560398330506,nan,150.8961317297118,False,False
2025-09-23T23:40:00,37,16,nan,nan,149.2222517244294,55.40613007148899,nan,150.88986886319785,False,False
2025-09-23T23:50:00,37,17,nan,nan,148.84642326510433,54.58177312730651,nan,150.8836059932331,False,False
2025-09-24T00:00:00,37,18,nan,nan,148.4752476879367,53.56772764159588,nan,150.8773431211752,False,False
2025-09-24T00:10:00,37,19,nan,nan,148.109737011451,52.380889934528,nan,150.87108024707425,False,False
2025-09-24T00:20:00,37,20,nan,nan,147.7508717740921,51.03884130362079,nan,150.8648173709713,False,False
2025-09-24T00:30:00,37,21,nan,nan,147.39959593788677,49.5590213164213,nan,150.85855449422175,False,False
2025-09-24T00:40:00,37,22,nan,nan,147.05681225587134,47.95812658965875,nan,150.8522916142457,False,False
2025-09-24T00:50:00,37,23,nan,nan,146.72337816825095,46.25172443890095,nan,150.8460287324017,False,False
2025-09-24T01:00:00,37,24,nan,nan,146.40010223169585,44.45404516359825,nan,150.83976584873335,False,False
2025-09-24T01:10:00,37,25,nan,nan,146.08774112689335,42.57790827029967,nan,150.83350296459366,False,False
2025-09-24T01:20:00,37,26,nan,nan,145.78699723662154,40.63474031390601,nan,150.8272400774032,False,False
2025-09-24T01:30:00,37,27,nan,nan,145.4985168163257,38.6346496263859,nan,150.8209771885152,False,False
2025-09-24T01:40:00,37,28,nan,nan,145.22288871653257,36.58653199676252,nan,150.8147142979764,False,False
2025-09-24T01:50:00,37,29,nan,nan,144.96064365813496,34.49818941044079,nan,150.8084514058253,False,False
2025-09-24T02:00:00,37,30,nan,nan,144.712254024565,32.37645032022784,nan,150.80218851341465,False,False
2025-09-24T02:10:00,37,31,nan,nan,144.47813412848532,30.22728459667908,nan,150.79592561816716,False,False
2025-09-24T02:20:00,37,32,nan,nan,144.25864093391402,28.055909541889477,nan,150.7896627214352,False,False
2025-09-24T02:30:00,37,33,nan,nan,144.05407516121738,25.86688540165101,nan,150.7833998232562,False,False
2025-09-24T02:40:00,37,34,nan,nan,143.86468275120092,23.664200134474875,nan,150.77713692498682,False,False
2025-09-24T02:50:00,37,35,nan,nan,143.69065662374345,21.45134390023415,nan,150.77087402404246,False,False
2025-09-24T03:00:00,37,36,nan,nan,143.53213870571958,19.231374141961922,nan,150.76461112177682,False,False
2025-09-24T03:10:00,37,37,nan,nan,143.38922215368663,17.006972249290765,nan,150.7583482182274,False,False
2025-09-24T03:20:00,37,38,nan,nan,143.261953747508,14.780492857169119,nan,150.75208531343287,False,False
2025-09-24T03:30:00,37,39,nan,nan,143.15033640559201,12.554006762224523,nan,150.74582240875117,False,False
2025-09-24T03:40:00,37,40,nan,nan,143.05433177573335,10.329338354718232,nan,150.73955950159365,False,False
2025-09-24T03:50:00,37,41,nan,nan,142.97386288600504,8.108098389655645,nan,150.73329659330898,False,False
2025-09-24T04:00:00,37,42,nan,nan,142.90881679627844,5.891712781268062,nan,150.72703368393948,False,False
2025-09-24T04:10:00,37,43,nan,nan,nan,3.681448055032413,nan,nan,False,True
2025-09-24T04:20:00,37,44,nan,nan,nan,1.4784339766526458,nan,nan,False,True
2025-09-24T04:30:00,37,45,nan,nan,nan,-0.716316161212882,nan,nan,False,True
2025-09-24T04:40:00,37,46,nan,nan,nan,-2.9018872154634012,nan,nan,False,True
2025-09-24T04:50:00,37,47,nan,nan,nan,-5.077445462021696,nan,nan,False,True
2025-09-30T21:00:00,38,0,nan,nan,147.39077922664,46.7646280295475,nan,144.67307730832374,False,False
2025-09-30T21:10:00,38,1,nan,nan,147.05467800294062,48.441760779022026,nan,144.66679468387787,False,False
2025-09-30T21:20:00,38,2,nan,nan,146.70984257752804,50.00896136094872,nan,144.6605119932149,False,False
2025-09-30T21:30:00,38,3,nan,nan,146.35713059342783,51.45030113768271,nan,144.65422923755244,False,False
2025-09-30T21:40:00,38,4,nan,nan,145.9974437381265,52.74881433685218,nan,144.64794641414332,False,False
2025-09-30T21:50:00,38,5,nan,nan,145.63172370067733,53.88694435869317,nan,144.64166352420025,False,False
2025-09-30T22:00:00,38,6,nan,nan,145.26094759807125,54.84721170829988,nan,144.63538056761047,False,False
2025-09-30T22:10:00,38,7,nan,nan,144.8861229393545,55.61310282172819,nan,144.62909754558225,False,False
2025-09-30T22:20:00,38,8,nan,nan,144.50828216616878,56.17012756941242,nan,144.622814455379,False,False
2025-09-30T22:30:00,38,9,nan,nan,144.12847685979983,56.50692999108688,nan,144.61653129820607,False,False
2025-09-30T22:40:00,38,10,nan,nan,143.74777166056285,56.61628262648949,nan,144.61024807395327,False,False
2025-09-30T22:50:00,38,11,nan,nan,143.367238003813,56.495777472993424,nan,144.6039647825182,False,False
2025-09-30T23:00:00,38,12,nan,nan,142.98794775229845,56.14806638552582,nan,144.59768142510393,False,False
2025-09-30T23:10:00,38,13,nan,nan,142.61096680722,55.58059661632149,nan,144.59139799897636,False,False
2025-09-30T23:20:00,38,14,nan,nan,142.23734881006473,54.804901146924465,nan,144.58511450534073,False,False
2025-09-30T23:30:00,38,15,nan,nan,141.8681289935315,53.835594310316615,nan,144.57883094409237,False,False
2025-09-30T23:40:00,38,16,nan,nan,141.50431828860178,52.689260057528294,nan,144.57254731643624,False,False
2025-09-30T23:50:00,38,17,nan,nan,141.14689774706994,51.38340050105449,nan,144.56626361963959,False,False
2025-10-01T00:00:00,38,18,nan,nan,140.79681337174995,49.935557106775214,nan,144.55997985491,False,False
2025-10-01T00:10:00,38,19,nan,nan,140.45497138458882,48.36265385867011,nan,144.55369602213736,False,False
2025-10-01T00:20:00,38,20,nan,nan,140.122233999244,46.68056109515861,nan,144.547412121221,False,False
2025-10-01T00:30:00,38,21,nan,nan,139.79941573453294,44.903848256653994,nan,144.54112815336006,False,False
2025-10-01T00:40:00,38,22,nan,nan,139.48728027892037,43.04568158768493,nan,144.5348441158326,False,False
2025-10-01T00:50:00,38,23,nan,nan,139.18653794436247,41.117823236827235,nan,144.5285600098398,False,False
2025-10-01T01:00:00,38,24,nan,nan,138.8978436815449,39.13069489357097,nan,144.52227583527744,False,False
2025-10-01T01:10:00,38,25,nan,nan,138.6217956708095,37.09347791921872,nan,144.51599159335086,False,False
2025-10-01T01:20:00,38,26,nan,nan,138.35893445327287,35.014230229942335,nan,144.5097072813337,False,False
2025-10-01T01:30:00,38,27,nan,nan,138.10974259842112,32.900007029477365,nan,144.50342290043147,False,False
2025-10-01T01:40:00,38,28,nan,nan,137.8746448462084,30.75697753004966,nan,144.49713845053952,False,False
2025-10-01T01:50:00,38,29,nan,nan,137.65400870612694,28.590533378790205,nan,144.49085393155198,False,False
2025-10-01T02:00:00,38,30,nan,nan,137.44814546304144,26.405386818731092,nan,144.4845693446815,False,False
2025-10-01T02:10:00,38,31,nan,nan,137.25731153708358,24.205658066804805,nan,144.47828468718956,False,False
2025-10-01T02:20:00,38,32,nan,nan,137.08171017138673,21.994952263358932,nan,144.47199996029568,False,False
2025-10-01T02:30:00,38,33,nan,nan,136.92149337219135,19.776426758666354,nan,144.46571516388948,False,False
2025-10-01T02:40:00,38,34,nan,nan,136.77676407703493,17.55284974413224,nan,144.4594302991822,False,False
2025-10-01T02:50:00,38,35,nan,nan,136.64757848927806,15.326651253713658,nan,144.45314536344077,False,False
2025-10-01T03:00:00,38,36,nan,nan,136.53394855809478,13.09996755906182,nan,144.44686035788024,False,False
2025-10-01T03:10:00,38,37,nan,nan,136.4358445367021,10.874679861712117,nan,144.44057528239514,False,False
2025-10-01T03:20:00,38,38,nan,nan,136.35319760273472,8.652448130429576,nan,144.43429013688262,False,False
2025-10-01T03:30:00,38,39,nan,nan,136.28590250076203,6.434740809265852,nan,144.42800492255162,False,False
2025-10-01T03:40:00,38,40,nan,nan,nan,4.22286102783158,nan,nan,False,True
2025-10-01T03:50:00,38,41,nan,nan,nan,2.0179698837211166,nan,nan,False,True
2025-10-01T04:00:00,38,42,nan,nan,nan,-0.17889274749610934,nan,nan,False,True
2025-10-01T04:10:00,38,43,nan,nan,nan,-2.366789440284114,nan,nan,False,True
2025-10-01T04:20:00,38,44,nan,nan,nan,-4.544868134904925,nan,nan,False,True
2025-10-01T04:30:00,38,45,nan,nan,nan,-6.712346400644809,nan,nan,False,True
2025-10-01T04:40:00,38,46,nan,nan,nan,-8.868496780196676,nan,nan,False,True
2025-10-01T04:50:00,38,47,nan,nan,nan,-11.01263293348183,nan,nan,False,True
2025-10-07T21:00:00,39,0,nan,nan,139.64774642289544,51.10391363995273,nan,138.30151346994595,False,False
2025-10-07T21:10:00,39,1,nan,nan,139.29201218314054,52.43878601861356,nan,138.29516321205324,False,False
2025-10-07T21:20:00,39,2,nan,nan,138.93009328775602,53.61760689105541,nan,138.2888129276851,False,False
2025-10-07T21:30:00,39,3,nan,nan,138.56295211198383,54.62281105610797,nan,138.28246261818907,False,False
2025-10-07T21:40:00,39,4,nan,nan,138.19158236220156,55.4375636196518,nan,138.27611228098706,False,False
2025-10-07T21:50:00,39,5,nan,nan,137.81700376780313,56.0467837224578,nan,138.26976191742708,False,False
2025-10-07T22:00:00,39,6,nan,nan,137.44025639667294,56.43825537674034,nan,138.2634115275526,False,False
2025-10-07T22:10:00,39,7,nan,nan,137.06239468986865,56.603666851964796,nan,138.25706111271356,False,False
2025-10-07T22:20:00,39,8,nan,nan,136.6844812778645,56.539391307668865,nan,138.25071067032442,False,False
2025-10-07T22:30:00,39,9,nan,nan,136.3075806869334,56.24684638633694,nan,138.24436020173533,False,False
2025-10-07T22:40:00,39,10,nan,nan,135.9327529948358,55.73235227704804,nan,138.2380097069833,False,False
2025-10-07T22:50:00,39,11,nan,nan,135.56104754705387,55.00652043666511,nan,138.231659186104,False,False
2025-10-07T23:00:00,39,12,nan,nan,135.1934968140946,54.08330529037625,nan,138.22530864044884,False,False
2025-10-07T23:10:00,39,13,nan,nan,134.8311104665933,52.97890263753292,nan,138.21895806742415,False,False
2025-10-07T23:20:00,39,14,nan,nan,134.47486976837666,51.710671389160666,nan,138.2126074683802,False,False
2025-10-07T23:30:00,39,15,nan,nan,134.1257223286038,50.29620615261798,nan,138.20625684334973,False,False
2025-10-07T23:40:00,39,16,nan,nan,133.78457729751227,48.752624839444195,nan,138.1999061936794,False,False
2025-10-07T23:50:00,39,17,nan,nan,133.45230103883245,47.09608067198172,nan,138.19355551677356,False,False
2025-10-08T00:00:00,39,18,nan,nan,133.1297133413669,45.34147246970035,nan,138.18720481398006,False,False
2025-10-08T00:10:00,39,19,nan,nan,132.8175841676353,43.50231090645304,nan,138.1808540853275,False,False
2025-10-08T00:20:00,39,20,nan,nan,132.5166309801594,41.59069634619668,nan,138.17450333084926,False,False
2025-10-08T00:30:00,39,21,nan,nan,132.22751663658454,39.61736943632961,nan,138.1681525518868,False,False
2025-10-08T00:40:00,39,22,nan,nan,131.95084784643856,37.59180427167236,nan,138.16180174584284,False,False
2025-10-08T00:50:00,39,23,nan,nan,131.68717419196486,35.52232248351214,nan,138.15545091405542,False,False
2025-10-08T01:00:00,39,24,nan,nan,131.4369876607583,33.41621381145669,nan,138.14910005656233,False,False
2025-10-08T01:10:00,39,25,nan,nan,131.20072268133376,31.279854241936953,nan,138.14274917469376,False,False
2025-10-08T01:20:00,39,26,nan,nan,130.97875660735005,29.118816656089464,nan,138.1363982658573,False,False
2025-10-08T01:30:00,39,27,nan,nan,130.771410630907,26.937971557266334,nan,138.13004733138035,False,False
2025-10-08T01:40:00,39,28,nan,nan,130.57895105215488,24.74157704992712,nan,138.1236963713021,False,False
2025-10-08T01:50:00,39,29,nan,nan,130.4015908794183,22.533358256649677,nan,138.11734538563894,False,False
2025-10-08T02:00:00,39,30,nan,nan,130.23949170575267,20.316576871420466,nan,138.11099437572804,False,False
2025-10-08T02:10:00,39,31,nan,nan,130.0927658083447,18.094091798537598,nan,138.1046433389682,False,False
2025-10-08T02:20:00,39,32,nan,nan,129.96147844594014,15.868411930323294,nan,138.09829227669485,False,False
2025-10-08T02:30:00,39,33,nan,nan,129.8456502838679,13.641742057857495,nan,138.0919411889245,False,False
2025-10-08T02:40:00,39,34,nan,nan,129.7452599280692,11.416022880871548,nan,138.08559007699623,False,False
2025-10-08T02:50:00,39,35,nan,nan,129.66024651465418,9.192965957001132,nan,138.07923893830375,False,False
2025-10-08T03:00:00,39,36,nan,nan,129.59051234259292,6.974084364179251,nan,138.0728877741797,False,False
2025-10-08T03:10:00,39,37,nan,nan,nan,4.760719712091437,nan,nan,False,True
2025-10-08T03:20:00,39,38,nan,nan,nan,2.554066092288105,nan,nan,False,True
2025-10-08T03:30:00,39,39,nan,nan,nan,0.35519145662222107,nan,nan,False,True
2025-10-08T03:40:00,39,40,nan,nan,nan,-1.8349431515685588,nan,nan,False,True
2025-10-08T03:50:00,39,41,nan,nan,nan,-4.01546612057751,nan,nan,False,True
2025-10-08T04:00:00,39,42,nan,nan,nan,-6.185579239393513,nan,nan,False,True
2025-10-08T04:10:00,39,43,nan,nan,nan,-8.344542797973624,nan,nan,False,True
2025-10-08T04:20:00,39,44,nan,nan,nan,-10.491661562464923,nan,nan,False,True
2025-10-08T04:30:00,39,45,nan,nan,nan,-12.626271356282073,nan,nan,False,True
2025-10-08T04:40:00,39,46,nan,nan,nan,-14.747726030021923,nan,nan,False,True
2025-10-08T04:50:00,39,47,nan,nan,nan,-16.855384568530354,nan,nan,False,True
2025-10-14T21:00:00,40,0,nan,nan,131.8420125381535,54.389753694860495,nan,131.86705137206866,False,False
2025-10-14T21:10:00,40,1,nan,nan,131.47380437803977,55.2544973872317,nan,131.8606015921638,False,False
2025-10-14T21:20:00,40,2,nan,nan,131.10218782590425,55.91728834025859,nan,131.85415162645512,False,False
2025-10-14T21:30:00,40,3,nan,nan,130.72819245508384,56.36507362752191,nan,131.84770147622507,False,False
2025-10-14T21:40:00,40,4,nan,nan,130.35286344595602,56.58845888212512,nan,131.84125113882413,False,False
2025-10-14T21:50:00,40,5,nan,nan,129.977255500426,56.58257263269962,nan,131.83480061552967,False,False
2025-10-14T22:00:00,40,6,nan,nan,129.60242659845565,56.347544842912534,nan,131.8283499063231,False,False
2025-10-14T22:10:00,40,7,nan,nan,129.2294317067856,55.88849387223422,nan,131.8218990124817,False,False
2025-10-14T22:20:00,40,8,nan,nan,128.85931651104573,55.215024822584766,nan,131.81544793135495,False,False
2025-10-14T22:30:00,40,9,nan,nan,128.49311128205377,54.3403498234056,nan,131.80899666423315,False,False
2025-10-14T22:40:00,40,10,nan,nan,128.1318249317116,53.28020676974433,nan,131.80254521109015,False,False
2025-10-14T22:50:00,40,11,nan,nan,127.77643935949688,52.051760058184854,nan,131.7960935719054,False,False
2025-10-14T23:00:00,40,12,nan,nan,127.42790415412013,50.67262586661478,nan,131.789641747961,False,False
2025-10-14T23:10:00,40,13,nan,nan,127.08713170622472,49.16010215374545,nan,131.78318973661266,False,False
2025-10-14T23:20:00,40,14,nan,nan,126.75499280656085,47.53062503985799,nan,131.77673753914743,False,False
2025-10-14T23:30:00,40,15,nan,nan,126.43231274258935,45.79943242750357,nan,131.7702851555503,False,False
2025-10-14T23:40:00,40,16,nan,nan,126.11986794675958,43.98039505698067,nan,131.76383258710857,False,False
2025-10-14T23:50:00,40,17,nan,nan,125.81838319785908,42.085970098676874,nan,131.7573798311768,False,False
2025-10-15T00:00:00,40,18,nan,nan,125.52852940540104,40.12723662279232,nan,131.75092688904593,False,False
2025-10-15T00:10:00,40,19,nan,nan,125.25092194550498,38.113980442256626,nan,131.74447376070265,False,False
2025-10-15T00:20:00,40,20,nan,nan,124.98611955312595,36.054804589071914,nan,131.7380204461261,False,False
2025-10-15T00:30:00,40,21,nan,nan,124.73462374743441,33.95724936615901,nan,131.73156694661205,False,False
2025-10-15T00:40:00,40,22,nan,nan,124.49687874725203,31.827911760315242,nan,131.72511325951473,False,False
2025-10-15T00:50:00,40,23,nan,nan,124.2732718648484,29.672558361709072,nan,131.7186593861376,False,False
2025-10-15T01:00:00,40,24,nan,nan,124.06413430873293,27.496228762666714,nan,131.71220532645745,False,False
2025-10-15T01:10:00,40,25,nan,nan,123.86974237389335,25.30332830669647,nan,131.70575108177945,False,False
2025-10-15T01:20:00,40,26,nan,nan,123.6903189566686,23.097710148181832,nan,131.69929664946014,False,False
2025-10-15T01:30:00,40,27,nan,nan,123.52603536941324,20.88274724319974,nan,131.69284203080068,False,False
2025-10-15T01:40:00,40,28,nan,nan,123.37701338079628,18.66139516099679,nan,131.6863872257833,False,False
2025-10-15T01:50:00,40,29,nan,nan,123.24332745692782,16.436246761485545,nan,131.67993223440502,False,False
2025-10-15T02:00:00,40,30,nan,nan,123.12500715281003,14.209579762239942,nan,131.67347705795711,False,False
2025-10-15T02:10:00,40,31,nan,nan,123.02203960672948,11.983398158200359,nan,131.6670216938091,False,False
2025-10-15T02:20:00,40,32,nan,nan,122.93437211959186,9.759468390956117,nan,131.66056614326246,False,False
2025-10-15T02:30:00,40,33,nan,nan,122.86191475817472,7.539351024801933,nan,131.65411040630946,False,False
2025-10-15T02:40:00,40,34,nan,nan,122.80454297268318,5.324428631373918,nan,131.64765448425194,False,False
2025-10-15T02:50:00,40,35,nan,nan,nan,3.115930462362904,nan,nan,False,True
2025-10-15T03:00:00,40,36,nan,nan,nan,0.9149544428534749,nan,nan,False,True
2025-10-15T03:10:00,40,37,nan,nan,nan,-1.277513092106104,nan,nan,False,True
2025-10-15T03:20:00,40,38,nan,nan,nan,-3.460579511746724,nan,nan,False,True
2025-10-15T03:30:00,40,39,nan,nan,nan,-5.633429518693087,nan,nan,False,True
2025-10-15T03:40:00,40,40,nan,nan,nan,-7.79530999420453,nan,nan,False,True
2025-10-15T03:50:00,40,41,nan,nan,nan,-9.945515766532804,nan,nan,False,True
2025-10-15T04:00:00,40,42,nan,nan,nan,-12.083376070127896,nan,nan,False,True
2025-10-15T04:10:00,40,43,nan,nan,nan,-14.208241435580417,nan,nan,False,True
2025-10-15T04:20:00,40,44,nan,nan,nan,-16.31947078846672,nan,nan,False,True
2025-10-15T04:30:00,40,45,nan,nan,nan,-18.416418503630787,nan,nan,False,True
2025-10-15T04:40:00,40,46,nan,nan,nan,-20.498421194679185,nan,nan,False,True
2025-10-15T04:50:00,40,47,nan,nan,nan,-22.564783965644484,nan,nan,False,True
2025-10-21T21:00:00,41,0,nan,nan,123.93327597667815,56.27487045668696,nan,125.28409840312193,False,False
2025-10-21T21:10:00,41,1,nan,nan,123.56022848608502,56.55305209233376,nan,125.277504321401,False,False
2025-10-21T21:20:00,41,2,nan,nan,123.18669379425423,56.60270261783022,nan,125.27091013907948,False,False
2025-10-21T21:30:00,41,3,nan,nan,122.81372394166638,56.42272636148266,nan,125.26431585747804,False,False
2025-10-21T21:40:00,41,4,nan,nan,122.44236920743681,56.01706518602751,nan,125.25772147397439,False,False
2025-10-21T21:50:00,41,5,nan,nan,122.07367187938655,55.39430842829891,nan,125.25112698989562,False,False
2025-10-21T22:00:00,41,6,nan,nan,121.70866011069455,54.56689005645919,nan,125.24453240524142,False,False
2025-10-21T22:10:00,41,7,nan,nan,121.34834197107374,53.55003882486527,nan,125.23793772134292,False,False
2025-10-21T22:20:00,41,8,nan,nan,120.99369975488374,52.360668414858665,nan,125.23134293557432,False,False
2025-10-21T22:30:00,41,9,nan,nan,120.64568464250165,51.016363030947495,nan,125.22474804925702,False,False
2025-10-21T22:40:00,41,10,nan,nan,120.30521175059377,49.534554117824634,nan,125.21815306239507,False,False
2025-10-21T22:50:00,41,11,nan,nan,119.97315564777485,47.93192267904114,nan,125.211557975,False,False
2025-10-21T23:00:00,41,12,nan,nan,119.65034637230309,46.224016024926925,nan,125.20496278838867,False,False
2025-10-21T23:10:00,41,13,nan,nan,119.33756597729959,44.42504248134443,nan,125.19836749993972,False,False
2025-10-21T23:20:00,41,14,nan,nan,119.03554564577274,42.54779933872142,nan,125.19177211096964,False,False
2025-10-21T23:30:00,41,15,nan,nan,118.7449633564893,40.60369180827894,nan,125.1851766214897,False,False
2025-10-21T23:40:00,41,16,nan,nan,118.46644212211852,38.60280839103872,nan,125.17858103281193,False,False
2025-10-21T23:50:00,41,17,nan,nan,118.20054877136013,36.55402686704556,nan,125.17198534231764,False,False
2025-10-22T00:00:00,41,18,nan,nan,117.94779327710117,34.46513312793244,nan,125.16538955132319,False,False
2025-10-22T00:10:00,41,19,nan,nan,117.70862857416452,32.342941391821796,nan,125.15879365983128,False,False
2025-10-22T00:20:00,41,20,nan,nan,117.48345085456283,30.193409042466683,nan,125.15219766784546,False,False
2025-10-22T00:30:00,41,21,nan,nan,117.2726002908066,28.02174246968994,nan,125.14560157668618,False,False
2025-10-22T00:40:00,41,22,nan,nan,117.0763621401294,25.83249241256422,nan,125.13900538372734,False,False
2025-10-22T00:50:00,41,23,nan,nan,116.89496820322616,23.629638565581825,nan,125.13240909028467,False,False
2025-10-22T01:00:00,41,24,nan,nan,116.72859856373542,21.416663911783825,nan,125.12581269636075,False,False
2025-10-22T01:10:00,41,25,nan,nan,116.57738358383357,19.1966196598586,nan,125.11921620326972,False,False
2025-10-22T01:20:00,41,26,nan,nan,116.44140609407846,16.972181784033772,nan,125.11261960839073,False,False
2025-10-22T01:30:00,41,27,nan,nan,116.32070375518072,14.74570022132298,nan,125.10602291303323,False,False
2025-10-22T01:40:00,41,28,nan,nan,116.21527152358797,12.519241689710238,nan,125.09942611719983,False,False
2025-10-22T01:50:00,41,29,nan,nan,116.1250642026196,10.294627047080029,nan,125.09282922089521,False,False
2025-10-22T02:00:00,41,30,nan,nan,116.0499990373479,8.073463989458874,nan,125.0862322254308,False,False
2025-10-22T02:10:00,41,31,nan,nan,115.98995831527861,5.8571757888240805,nan,125.07963512818148,False,False
2025-10-22T02:20:00,41,32,nan,nan,nan,3.6470267020740903,nan,nan,False,True
2025-10-22T02:30:00,41,33,nan,nan,nan,1.4441445600033516,nan,nan,False,True
2025-10-22T02:40:00,41,34,nan,nan,nan,-0.7504589838924807,nan,nan,False,True
2025-10-22T02:50:00,41,35,nan,nan,nan,-2.935870157272212,nan,nan,False,True
2025-10-22T03:00:00,41,36,nan,nan,nan,-5.111256354937768,nan,nan,False,True
2025-10-22T03:10:00,41,37,nan,nan,nan,-7.2758507172990665,nan,nan,False,True
2025-10-22T03:20:00,41,38,nan,nan,nan,-9.4289377020872,nan,nan,False,True
2025-10-22T03:30:00,41,39,nan,nan,nan,-11.569839395588703,nan,nan,False,True
2025-10-22T03:40:00,41,40,nan,nan,nan,-13.697902324611276,nan,nan,False,True
2025-10-22T03:50:00,41,41,nan,nan,nan,-15.812484515985886,nan,nan,False,True
2025-10-22T04:00:00,41,42,nan,nan,nan,-17.91294259112866,nan,nan,False,True
2025-10-22T04:10:00,41,43,nan,nan,nan,-19.9986186373983,nan,nan,False,True
2025-10-22T04:20:00,41,44,nan,nan,nan,-22.068826617244298,nan,nan,False,True
2025-10-22T04:30:00,41,45,nan,nan,nan,-24.122838026281745,nan,nan,False,True
2025-10-22T04:40:00,41,46,nan,nan,nan,-26.15986652418985,nan,nan,False,True
2025-10-22T04:50:00,41,47,nan,nan,nan,-28.179051189615254,nan,nan,False,True
2025-10-28T21:00:00,42,0,nan,nan,116.0037508218657,56.4964277597383,nan,118.57786270977344,False,False
2025-10-28T21:10:00,42,1,nan,nan,115.63391841680104,56.14557857644656,nan,118.57113669935111,False,False
2025-10-28T21:20:00,42,2,nan,nan,115.26652015894383,55.5750812385292,nan,118.56441051566816,False,False
2025-10-28T21:30:00,42,3,nan,nan,114.90258242882567,54.79652216220808,nan,118.55768415999043,False,False
2025-10-28T21:40:00,42,4,nan,nan,114.54311275438437,53.824554685630176,nan,118.55095762964723,False,False
2025-10-28T21:50:00,42,5,nan,nan,114.18909410243543,52.67578663194884,nan,118.54423092590365,False,False
2025-10-28T22:00:00,42,6,nan,nan,113.84147947879208,51.367730224776004,nan,118.5375040487172,False,False
2025-10-28T22:10:00,42,7,nan,nan,113.5011869261112,49.917925889039545,nan,118.53077699935325,False,False
2025-10-28T22:20:00,42,8,nan,nan,113.16909495893258,48.34328844340705,nan,118.52404977514297,False,False
2025-10-28T22:30:00,42,9,nan,nan,112.84603850472207,46.659673809985215,nan,118.51732237735378,False,False
2025-10-28T22:40:00,42,10,nan,nan,112.5328053571807,44.8816341150165,nan,118.51059480594049,False,False
2025-10-28T22:50:00,42,11,nan,nan,112.23013318645928,43.022317173722406,nan,118.50386706086204,False,False
2025-10-28T23:00:00,42,12,nan,nan,111.93870711092285,41.09346680715138,nan,118.49713914338436,False,False
2025-10-28T23:10:00,42,13,nan,nan,111.65915782439451,39.105487246805595,nan,118.4904110508453,False,False
2025-10-28T23:20:00,42,14,nan,nan,111.39206029051557,37.067543699111575,nan,118.48368278450644,False,False
2025-10-28T23:30:00,42,15,nan,nan,111.1379329577361,34.98767942282247,nan,118.47695434432832,False,False
2025-10-28T23:40:00,42,16,nan,nan,110.89723749077109,32.87293649823112,nan,118.47022573158573,False,False
2025-10-28T23:50:00,42,17,nan,nan,110.67037896868648,30.72947249591864,nan,118.46349694360777,False,False
2025-10-29T00:00:00,42,18,nan,nan,110.45770653320977,28.56266880585105,nan,118.45676798166512,False,False
2025-10-29T00:10:00,42,19,nan,nan,110.25951441783505,26.377228673343772,nan,118.45003884571935,False,False
2025-10-29T00:20:00,42,20,nan,nan,110.07604333044826,24.177264429575974,nan,118.44330953572847,False,False
2025-10-29T00:30:00,42,21,nan,nan,109.90748214237466,21.96637432707101,nan,118.43658005296453,False,False
2025-10-29T00:40:00,42,22,nan,nan,109.75396982432875,19.747709699936003,nan,118.4298503947616,False,False
2025-10-29T00:50:00,42,23,nan,nan,109.61559760692889,17.52403349197319,nan,118.4231205623936,False,False
2025-10-29T01:00:00,42,24,nan,nan,109.49241129418617,15.297771162910296,nan,118.41639055582247,False,False
2025-10-29T01:10:00,42,25,nan,nan,109.38441370968569,13.071054995755457,nan,118.4096603763215,False,False
2025-10-29T01:20:00,42,26,nan,nan,109.29156722066173,10.84576271717993,nan,118.40293002122648,False,False
2025-10-29T01:30:00,42,27,nan,nan,109.21379632531733,8.623551279081589,nan,118.39619949180721,False,False
2025-10-29T01:40:00,42,28,nan,nan,109.15099024503998,6.405886508254635,nan,118.38946878803242,False,False
2025-10-29T01:50:00,42,29,nan,nan,nan,4.194069277861659,nan,nan,False,True
2025-10-29T02:00:00,42,30,nan,nan,nan,1.9892587464220213,nan,nan,False,True
2025-10-29T02:10:00,42,31,nan,nan,nan,-0.20750686372175187,nan,nan,False,True
2025-10-29T02:20:00,42,32,nan,nan,nan,-2.3952915159472496,nan,nan,False,True
2025-10-29T02:30:00,42,33,nan,nan,nan,-4.573244296596513,nan,nan,False,True
2025-10-29T02:40:00,42,34,nan,nan,nan,-6.740583699965501,nan,nan,False,True
2025-10-29T02:50:00,42,35,nan,nan,nan,-8.896582985944182,nan,nan,False,True
2025-10-29T03:00:00,42,36,nan,nan,nan,-11.040556327854148,nan,nan,False,True
2025-10-29T03:10:00,42,37,nan,nan,nan,-13.17184552572474,nan,nan,False,True
2025-10-29T03:20:00,42,38,nan,nan,nan,-15.289807030314115,nan,nan,False,True
2025-10-29T03:30:00,42,39,nan,nan,nan,-17.393799048880947,nan,nan,False,True
2025-10-29T03:40:00,42,40,nan,nan,nan,-19.48316849986695,nan,nan,False,True
2025-10-29T03:50:00,42,41,nan,nan,nan,-21.557237551297273,nan,nan,False,True
2025-10-29T04:00:00,42,42,nan,nan,nan,-23.615289498950084,nan,nan,False,True
2025-10-29T04:10:00,42,43,nan,nan,nan,-25.656553676086354,nan,nan,False,True
2025-10-29T04:20:00,42,44,nan,nan,nan,-27.680189084664143,nan,nan,False,True
2025-10-29T04:30:00,42,45,nan,nan,nan,-29.68526636691224,nan,nan,False,True
2025-10-29T04:40:00,42,46,nan,nan,nan,-31.67074772490013,nan,nan,False,True
2025-10-29T04:50:00,42,47,nan,nan,nan,-33.63546429937313,nan,nan,False,True
2025-11-04T21:00:00,43,0,nan,nan,108.06460424200638,55.00819980625192,nan,111.71766380969909,False,False
2025-11-04T21:10:00,43,1,nan,nan,107.7059452722176,54.08236111108126,nan,111.71079538836308,False,False
2025-11-04T21:20:00,43,2,nan,nan,107.35251733636566,52.975505802431485,nan,111.70392686624554,False,False
2025-11-04T21:30:00,43,3,nan,nan,107.00527519476803,51.705013964250696,nan,111.6970582445701,False,False
2025-11-04T21:40:00,43,4,nan,nan,106.66513968939023,50.28848977697301,nan,111.69018952062702,False,False
2025-11-04T21:50:00,43,5,nan,nan,106.33299312302384,48.74305144794663,nan,111.68332069563711,False,False
2025-11-04T22:00:00,43,6,nan,nan,106.00967510625985,47.08484575111236,nan,111.67645176951272,False,False
2025-11-04T22:10:00,43,7,nan,nan,105.69597893184053,45.328760627809025,nan,111.66958274347432,False,False
2025-11-04T22:20:00,43,8,nan,nan,105.39264848489717,43.48829334085856,nan,111.66271361480685,False,False
2025-11-04T22:30:00,43,9,nan,nan,105.10037572555646,41.57552972423318,nan,111.65584438472328,False,False
2025-11-04T22:40:00,43,10,nan,nan,104.81979871880534,39.60119577003144,nan,111.64897505314075,False,False
2025-11-04T22:50:00,43,11,nan,nan,104.55150022525547,37.57475143196887,nan,111.64210561995792,False,False
2025-11-04T23:00:00,43,12,nan,nan,104.29600682910228,35.50450508450929,nan,111.63523608639558,False,False
2025-11-04T23:10:00,43,13,nan,nan,104.0537885713395,33.39773428470582,nan,111.6283664497239,False,False
2025-11-04T23:20:00,43,14,nan,nan,103.82525907707755,31.260803982063486,nan,111.62149671117066,False,False
2025-11-04T23:30:00,43,15,nan,nan,103.61077611179132,29.099277155967613,nan,111.61462687062483,False,False
2025-11-04T23:40:00,43,16,nan,nan,103.41064254704658,26.91801548273874,nan,111.60775692931357,False,False
2025-11-04T23:50:00,43,17,nan,nan,103.22510767463393,24.721269234623527,nan,111.6008868844996,False,False
2025-11-05T00:00:00,43,18,nan,nan,103.05436884486396,22.51275661316013,nan,111.59401673739943,False,False
2025-11-05T00:10:00,43,19,nan,nan,102.89857335499414,20.29573320009596,nan,111.58714648791262,False,False
2025-11-05T00:20:00,43,20,nan,nan,102.75782056429848,18.073052533649875,nan,111.58027613593384,False,False
2025-11-05T00:30:00,43,21,nan,nan,102.63216418040778,15.847218782394412,nan,111.57340568267536,False,False
2025-11-05T00:40:00,43,22,nan,nan,102.52161467256386,13.620432589875739,nan,111.56653512540338,False,False
2025-11-05T00:50:00,43,23,nan,nan,102.42614178985764,11.394631025165666,nan,111.55966446532705,False,False
2025-11-05T01:00:00,43,24,nan,nan,102.34567712240484,9.171522476031406,nan,111.55279370234149,False,False
2025-11-05T01:10:00,43,25,nan,nan,102.28011669370605,6.952617257887177,nan,111.54592283764904,False,False
2025-11-05T01:20:00,43,26,nan,nan,nan,4.739254583295403,nan,nan,False,True
2025-11-05T01:30:00,43,27,nan,nan,nan,2.532626481941705,nan,nan,False,True
2025-11-05T01:40:00,43,28,nan,nan,nan,0.33379914287810175,nan,nan,False,True
2025-11-05T01:50:00,43,29,nan,nan,nan,-1.8562678740739058,nan,nan,False,True
2025-11-05T02:00:00,43,30,nan,nan,nan,-4.036704188283571,nan,nan,False,True
2025-11-05T02:10:00,43,31,nan,nan,nan,-6.206712584408088,nan,nan,False,True
2025-11-05T02:20:00,43,32,nan,nan,nan,-8.365554121403845,nan,nan,False,True
2025-11-05T02:30:00,43,33,nan,nan,nan,-10.512534117730938,nan,nan,False,True
2025-11-05T02:40:00,43,34,nan,nan,nan,-12.64698874350138,nan,nan,False,True
2025-11-05T02:50:00,43,35,nan,nan,nan,-14.768271993767723,nan,nan,False,True
2025-11-05T03:00:00,43,36,nan,nan,nan,-16.875742790129582,nan,nan,False,True
2025-11-05T03:10:00,43,37,nan,nan,nan,-18.96875199637778,nan,nan,False,True
2025-11-05T03:20:00,43,38,nan,nan,nan,-21.04662908572862,nan,nan,False,True
2025-11-05T03:30:00,43,39,nan,nan,nan,-23.10866820439927,nan,nan,False,True
2025-11-05T03:40:00,43,40,nan,nan,nan,-25.15411335296539,nan,nan,False,True
2025-11-05T03:50:00,43,41,nan,nan,nan,-27.182142355038703,nan,nan,False,True
2025-11-05T04:00:00,43,42,nan,nan,nan,-29.191849281799453,nan,nan,False,True
2025-11-05T04:10:00,43,43,nan,nan,nan,-31.18222491452572,nan,nan,False,True
2025-11-05T04:20:00,43,44,nan,nan,nan,-33.152134800611364,nan,nan,False,True
2025-11-05T04:30:00,43,45,nan,nan,nan,-35.10029436368107,nan,nan,False,True
2025-11-05T04:40:00,43,46,nan,nan,nan,-37.02524049285754,nan,nan,False,True
2025-11-05T04:50:00,43,47,nan,nan,nan,-38.92529892206436,nan,nan,False,True
2025-11-11T21:00:00,44,0,nan,nan,100.16791301912535,52.05145520676993,nan,104.71521873845863,False,False
2025-11-11T21:10:00,44,1,nan,nan,99.82783254850372,50.67037074546009,nan,104.70816551360676,False,False
2025-11-11T21:20:00,44,2,nan,nan,99.49552449574227,49.156066831857515,nan,104.70111204124609,False,False
2025-11-11T21:30:00,44,3,nan,nan,99.17183337932985,47.52497853983659,nan,104.69405832272619,False,False
2025-11-11T21:40:00,44,4,nan,nan,98.85755820406513,45.79233770282922,nan,104.6870043554638,False,False
2025-11-11T21:50:00,44,5,nan,nan,98.55344929095013,43.97200577916411,nan,104.67995014081818,False,False
2025-11-11T22:00:00,44,6,nan,nan,98.26020564837644,42.076428873666714,nan,104.67289567883775,False,False
2025-11-11T22:10:00,44,7,nan,nan,97.97847291214849,40.116674252162674,nan,104.66584097087765,False,False
2025-11-11T22:20:00,44,8,nan,nan,97.70884183222927,38.10251589909577,nan,104.65878601436252,False,False
2025-11-11T22:30:00,44,9,nan,nan,97.45184731332594,36.04254547314704,nan,104.65173081065107,False,False
2025-11-11T22:40:00,44,10,nan,nan,97.20796795822847,33.944292609816436,nan,104.64467535979959,False,False
2025-11-11T22:50:00,44,11,nan,nan,96.97762610396019,31.814344479961193,nan,104.63761966185153,False,False
2025-11-11T23:00:00,44,12,nan,nan,96.76118830737255,29.658458750945005,nan,104.63056371818006,False,False
2025-11-11T23:10:00,44,13,nan,nan,96.55896623241206,27.481666976460357,nan,104.62350752620391,False,False
2025-11-11T23:20:00,44,14,nan,nan,96.37121791539465,25.288367308317415,nan,104.61645108729576,False,False
2025-11-11T23:30:00,44,15,nan,nan,96.19814933529065,23.082406497047423,nan,104.60939440151098,False,False
2025-11-11T23:40:00,44,16,nan,nan,96.03991626422594,20.867151811491503,nan,104.60233747021938,False,False
2025-11-11T23:50:00,44,17,nan,nan,95.89662633607489,18.64555378255486,nan,104.59528029084498,False,False
2025-11-12T00:00:00,44,18,nan,nan,95.76834130964359,16.4202008214581,nan,104.58822286476995,False,False
2025-11-12T00:10:00,44,19,nan,nan,95.65507945751605,14.193366725716901,nan,104.58116519204741,False,False
2025-11-12T00:20:00,44,20,nan,nan,95.55681805936305,11.96705203434593,nan,104.57410727273933,False,False
2025-11-12T00:30:00,44,21,nan,nan,95.4734959587025,9.743020158005878,nan,104.56704910821801,False,False
2025-11-12T00:40:00,44,22,nan,nan,95.40501614068054,7.52282900687363,nan,104.55999069592328,False,False
2025-11-12T00:50:00,44,23,nan,nan,95.35124832167911,5.3078588424245785,nan,104.55293203723217,False,False
2025-11-12T01:00:00,44,24,nan,nan,nan,3.0993369177352896,nan,nan,False,True
2025-11-12T01:10:00,44,25,nan,nan,nan,0.898359438464175,nan,nan,False,True
2025-11-12T01:20:00,44,26,nan,nan,nan,-1.2940887239838714,nan,nan,False,True
2025-11-12T01:30:00,44,27,nan,nan,nan,-3.4771161604884293,nan,nan,False,True
2025-11-12T01:40:00,44,28,nan,nan,nan,-5.6499085750906515,nan,nan,False,True
2025-11-12T01:50:00,44,29,nan,nan,nan,-7.811713637170069,nan,nan,False,True
2025-11-12T02:00:00,44,30,nan,nan,nan,-9.96182676516998,nan,nan,False,True
2025-11-12T02:10:00,44,31,nan,nan,nan,-12.099577592359365,nan,nan,False,True
2025-11-12T02:20:00,44,32,nan,nan,nan,-14.224316856090203,nan,nan,False,True
2025-11-12T02:30:00,44,33,nan,nan,nan,-16.335403497685675,nan,nan,False,True
2025-11-12T02:40:00,44,34,nan,nan,nan,-18.43219171933179,nan,nan,False,True
2025-11-12T02:50:00,44,35,nan,nan,nan,-20.514017768656412,nan,nan,False,True
2025-11-12T03:00:00,44,36,nan,nan,nan,-22.580186177099748,nan,nan,False,True
2025-11-12T03:10:00,44,37,nan,nan,nan,-24.629955196710217,nan,nan,False,True
2025-11-12T03:20:00,44,38,nan,nan,nan,-26.66252111324091,nan,nan,False,True
2025-11-12T03:30:00,44,39,nan,nan,nan,-28.677001098733776,nan,nan,False,True
2025-11-12T03:40:00,44,40,nan,nan,nan,-30.672414221364892,nan,nan,False,True
2025-11-12T03:50:00,44,41,nan,nan,nan,-32.64766015487398,nan,nan,False,True
2025-11-12T04:00:00,44,42,nan,nan,nan,-34.601495103745364,nan,nan,False,True
2025-11-12T04:10:00,44,43,nan,nan,nan,-36.53250435092073,nan,nan,False,True
2025-11-12T04:20:00,44,44,nan,nan,nan,-38.439070787293474,nan,nan,False,True
2025-11-12T04:30:00,44,45,nan,nan,nan,-40.31933867624258,nan,nan,False,True
2025-11-12T04:40:00,44,46,nan,nan,nan,-42.17117187456661,nan,nan,False,True
2025-11-12T04:50:00,44,47,nan,nan,nan,-43.99210565270664,nan,nan,False,True
2025-11-18T21:00:00,45,0,nan,nan,92.26860709263646,47.93291361618035,nan,97.50289174464007,False,False
2025-11-18T21:10:00,45,1,nan,nan,91.95395805040644,46.22352737433806,nan,97.49565344408309,False,False
2025-11-18T21:20:00,45,2,nan,nan,91.64928874432817,44.423215245471184,nan,97.48841499873954,False,False
2025-11-18T21:30:00,45,3,nan,nan,91.35530407316244,42.54476704264716,nan,97.48117640996635,False,False
2025-11-18T21:40:00,45,4,nan,nan,91.07265602807217,40.59957900657165,nan,97.47393767516664,False,False
2025-11-18T21:50:00,45,5,nan,nan,90.80194210881949,38.59773001805003,nan,97.46669879568981,False,False
2025-11-18T22:00:00,45,6,nan,nan,90.54370426892254,36.54808816625618,nan,97.45945977156356,False,False
2025-11-18T22:10:00,45,7,nan,nan,90.2984283898448,34.4584299524772,nan,97.45222060414724,False,False
2025-11-18T22:20:00,45,8,nan,nan,90.06654423807966,32.33556073285001,nan,97.4449812908367,False,False
2025-11-18T22:30:00,45,9,nan,nan,89.8484258913817,30.18542967577443,nan,97.43774183298716,False,False
2025-11-18T22:40:00,45,10,nan,nan,89.6443925664324,28.013235653670847,nan,97.43050223062644,False,False
2025-11-18T22:50:00,45,11,nan,nan,89.45470982478633,25.82352259306268,nan,97.4232624838005,False,False
2025-11-18T23:00:00,45,12,nan,nan,89.27959110437476,23.62026405088066,nan,97.4160225938428,False,False
2025-11-18T23:10:00,45,13,nan,nan,89.1191995236355,21.406937507772536,nan,97.40878255816942,False,False
2025-11-18T23:20:00,45,14,nan,nan,88.97364993163482,19.186589262487445,nan,97.40154237812176,False,False
2025-11-18T23:30:00,45,15,nan,nan,88.8430111328061,16.961890922188374,nan,97.39430205374534,False,False
2025-11-18T23:40:00,45,16,nan,nan,88.72730826422014,14.735188546201421,nan,97.38706158637379,False,False
2025-11-18T23:50:00,45,17,nan,nan,88.62652526937636,12.508545418145749,nan,97.37982097342453,False,False
2025-11-19T00:00:00,45,18,nan,nan,88.54060745161375,10.28377936832034,nan,97.37258021623722,False,False
2025-11-19T00:10:00,45,19,nan,nan,88.46946404735075,8.062495424159149,nan,97.36533931485248,False,False
2025-11-19T00:20:00,45,20,nan,nan,88.41297080854321,5.846114531266598,nan,97.35809826930175,False,False
2025-11-19T00:30:00,45,21,nan,nan,nan,3.635898915374472,nan,nan,False,True
2025-11-19T00:40:00,45,22,nan,nan,nan,1.4329746492845925,nan,nan,False,True
2025-11-19T00:50:00,45,23,nan,nan,nan,-0.761648115852567,nan,nan,False,True
2025-11-19T01:00:00,45,24,nan,nan,nan,-2.9470568731827327,nan,nan,False,True
2025-11-19T01:10:00,45,25,nan,nan,nan,-5.122420066258715,nan,nan,False,True
2025-11-19T01:20:00,45,26,nan,nan,nan,-7.286971680034125,nan,nan,False,True
2025-11-19T01:30:00,45,27,nan,nan,nan,-9.439996816611881,nan,nan,False,True
2025-11-19T01:40:00,45,28,nan,nan,nan,-11.5808180192367,nan,nan,False,True
2025-11-19T01:50:00,45,29,nan,nan,nan,-13.708782083093139,nan,nan,False,True
2025-11-19T02:00:00,45,30,nan,nan,nan,-15.82324712236384,nan,nan,False,True
2025-11-19T02:10:00,45,31,nan,nan,nan,-17.923569664063358,nan,nan,False,True
2025-11-19T02:20:00,45,32,nan,nan,nan,-20.009091511741968,nan,nan,False,True
2025-11-19T02:30:00,45,33,nan,nan,nan,-22.079126148795346,nan,nan,False,True
2025-11-19T02:40:00,45,34,nan,nan,nan,-24.132944392189852,nan,nan,False,True
2025-11-19T02:50:00,45,35,nan,nan,nan,-26.169759011613873,nan,nan,False,True
2025-11-19T03:00:00,45,36,nan,nan,nan,-28.188707964219883,nan,nan,False,True
2025-11-19T03:10:00,45,37,nan,nan,nan,-30.188835890750067,nan,nan,False,True
2025-11-19T03:20:00,45,38,nan,nan,nan,-32.16907342918557,nan,nan,False,True
2025-11-19T03:30:00,45,39,nan,nan,nan,-34.12821386250422,nan,nan,False,True
2025-11-19T03:40:00,45,40,nan,nan,nan,-36.06488654736427,nan,nan,False,True
2025-11-19T03:50:00,45,41,nan,nan,nan,-37.97752647418693,nan,nan,False,True
2025-11-19T04:00:00,45,42,nan,nan,nan,-39.8643392672847,nan,nan,False,True
2025-11-19T04:10:00,45,43,nan,nan,nan,-41.72326082494257,nan,nan,False,True
2025-11-19T04:20:00,45,44,nan,nan,nan,-43.55191077683935,nan,nan,False,True
2025-11-19T04:30:00,45,45,nan,nan,nan,-45.347538902035126,nan,nan,False,True
2025-11-19T04:40:00,45,46,nan,nan,nan,-47.106963762731226,nan,nan,False,True
2025-11-19T04:50:00,45,47,nan,nan,nan,-48.826502994943866,nan,nan,False,True
2025-11-25T21:00:00,46,0,nan,nan,84.44084667591574,43.01492996042661,nan,90.13472549032392,False,False
2025-11-25T21:10:00,46,1,nan,nan,84.15738658554132,41.085473749451566,nan,90.1273408861449,False,False
2025-11-25T21:20:00,46,2,nan,nan,83.88569092170113,39.09696271171653,nan,90.11995612208565,False,False
2025-11-25T21:30:00,46,3,nan,nan,83.62630828608445,37.05855463797062,nan,90.11257119944597,False,False
2025-11-25T21:40:00,46,4,nan,nan,83.37973142153673,34.97828585772539,nan,90.10518611557876,False,False
2025-11-25T21:50:00,46,5,nan,nan,83.14639711489357,32.863192100158045,nan,90.09780087178294,False,False
2025-11-25T22:00:00,46,6,nan,nan,82.92668654795084,30.71942519036558,nan,90.09041546803647,False,False
2025-11-25T22:10:00,46,7,nan,nan,82.7209260784684,28.55236136388224,nan,90.08302990564377,False,False
2025-11-25T22:20:00,46,8,nan,nan,82.52938839154959,26.366699263829258,nan,90.07564418195624,False,False
2025-11-25T22:30:00,46,9,nan,nan,82.35229399709301,24.166547154904737,nan,90.06825829827481,False,False
2025-11-25T22:40:00,46,10,nan,nan,82.18981299992397,21.95549968558786,nan,90.06087225457858,False,False
2025-11-25T22:50:00,46,11,nan,nan,82.0420671160577,19.736705013738803,nan,90.05348605085409,False,False
2025-11-25T23:00:00,46,12,nan,nan,81.90913188281134,17.512923284035242,nan,90.04609968839952,False,False
2025-11-25T23:10:00,46,13,nan,nan,81.79103901277608,15.286577492884222,nan,90.03871316457604,False,False
2025-11-25T23:20:00,46,14,nan,nan,81.68777886989787,13.059797763271083,nan,90.03132648067326,False,False
2025-11-25T23:30:00,46,15,nan,nan,81.59930300384268,10.834459932224632,nan,90.02393963668531,False,False
2025-11-25T23:40:00,46,16,nan,nan,81.52552672855184,8.612219298822128,nan,90.01655263390337,False,False
2025-11-25T23:50:00,46,17,nan,nan,81.46633169874217,6.394540248847267,nan,90.00916546969242,False,False
2025-11-26T00:00:00,46,18,nan,nan,nan,4.182722410498484,nan,nan,False,True
2025-11-26T00:10:00,46,19,nan,nan,nan,1.9779238754902464,nan,nan,False,True
2025-11-26T00:20:00,46,20,nan,nan,nan,-0.21881805131596396,nan,nan,False,True
2025-11-26T00:30:00,46,21,nan,nan,nan,-2.4065681011755085,nan,nan,False,True
2025-11-26T00:40:00,46,22,nan,nan,nan,-4.5844759957891235,nan,nan,False,True
2025-11-26T00:50:00,46,23,nan,nan,nan,-6.751760736269909,nan,nan,False,True
2025-11-26T01:00:00,46,24,nan,nan,nan,-8.907695967522402,nan,nan,False,True
2025-11-26T01:10:00,46,25,nan,nan,nan,-11.051596135438011,nan,nan,False,True
2025-11-26T01:20:00,46,26,nan,nan,nan,-13.182803203205433,nan,nan,False,True
2025-11-26T01:30:00,46,27,nan,nan,nan,-15.300673671052024,nan,nan,False,True
2025-11-26T01:40:00,46,28,nan,nan,nan,-17.404565687280307,nan,nan,False,True
2025-11-26T01:50:00,46,29,nan,nan,nan,-19.493825995296326,nan,nan,False,True
2025-11-26T02:00:00,46,30,nan,nan,nan,-21.567776473596872,nan,nan,False,True
2025-11-26T02:10:00,46,31,nan,nan,nan,-23.62570000798345,nan,nan,False,True
2025-11-26T02:20:00,46,32,nan,nan,nan,-25.66682538896117,nan,nan,False,True
2025-11-26T02:30:00,46,33,nan,nan,nan,-27.690310932797452,nan,nan,False,True
2025-11-26T02:40:00,46,34,nan,nan,nan,-29.69522644464325,nan,nan,False,True
2025-11-26T02:50:00,46,35,nan,nan,nan,-31.680533122532655,nan,nan,False,True
2025-11-26T03:00:00,46,36,nan,nan,nan,-33.645060912554634,nan,nan,False,True
2025-11-26T03:10:00,46,37,nan,nan,nan,-35.58748279577001,nan,nan,False,True
2025-11-26T03:20:00,46,38,nan,nan,nan,-37.506285376040495,nan,nan,False,True
2025-11-26T03:30:00,46,39,nan,nan,nan,-39.399735081121456,nan,nan,False,True
2025-11-26T03:40:00,46,40,nan,nan,nan,-41.26583921446323,nan,nan,False,True
2025-11-26T03:50:00,46,41,nan,nan,nan,-43.102301017402304,nan,nan,False,True
2025-11-26T04:00:00,46,42,nan,nan,nan,-44.90646791540864,nan,nan,False,True
2025-11-26T04:10:00,46,43,nan,nan,nan,-46.67527213768753,nan,nan,False,True
2025-11-26T04:20:00,46,44,nan,nan,nan,-48.405163103792006,nan,nan,False,True
2025-11-26T04:30:00,46,45,nan,nan,nan,-50.09203132951098,nan,nan,False,True
2025-11-26T04:40:00,46,46,nan,nan,nan,-51.731124349300906,nan,nan,False,True
2025-11-26T04:50:00,46,47,nan,nan,nan,-53.31695632499546,nan,nan,False,True
2025-12-02T21:00:00,47,0,nan,nan,76.69655874132347,37.56936448174732,nan,82.62076655380523,False,False
2025-12-02T21:10:00,47,1,nan,nan,76.44887187030211,35.49879528678297,nan,82.61326233918507,False,False
2025-12-02T21:20:00,47,2,nan,nan,76.21427689358107,33.39174221577457,nan,82.6057580581498,False,False
2025-12-02T21:30:00,47,3,nan,nan,75.99316117682312,31.254565969127263,nan,82.59825371200203,False,False
2025-12-02T21:40:00,47,4,nan,nan,75.78585729676385,29.09282568314484,nan,82.59074929810973,False,False
2025-12-02T21:50:00,47,5,nan,nan,75.59264416728354,26.91137958877295,nan,82.58324481778214,False,False
2025-12-02T22:00:00,47,6,nan,nan,75.41374849169871,24.71447488652161,nan,82.57574027101577,False,False
2025-12-02T22:10:00,47,7,nan,nan,75.24934651551165,22.505827045474614,nan,82.56823565910986,False,False
2025-12-02T22:20:00,47,8,nan,nan,75.09956601685246,20.288689228713025,nan,82.56073097944122,False,False
2025-12-02T22:30:00,47,9,nan,nan,74.96448850923709,18.065912826193287,nan,82.55322623330404,False,False
2025-12-02T22:40:00,47,10,nan,nan,74.84415158654323,15.840000111714035,nan,82.5457214206976,False,False
2025-12-02T22:50:00,47,11,nan,nan,74.73855138780343,13.613150060527532,nan,82.53821654160895,False,False
2025-12-02T23:00:00,47,12,nan,nan,74.64764513664832,11.387298269977029,nan,82.53071159734209,False,False
2025-12-02T23:10:00,47,13,nan,nan,74.57135371376404,9.164151831285075,nan,82.52320658526456,False,False
2025-12-02T23:20:00,47,14,nan,nan,74.5095642495667,6.94521992443069,nan,82.51570150667517,False,False
2025-12-02T23:30:00,47,15,nan,nan,nan,4.731840771268674,nan,nan,False,True
2025-12-02T23:40:00,47,16,nan,nan,nan,2.5252055367878996,nan,nan,False,True
2025-12-02T23:50:00,47,17,nan,nan,nan,0.3263796592420217,nan,nan,False,True
2025-12-03T00:00:00,47,18,nan,nan,nan,-1.8636779429261252,nan,nan,False,True
2025-12-03T00:10:00,47,19,nan,nan,nan,-4.044097443285359,nan,nan,False,True
2025-12-03T00:20:00,47,20,nan,nan,nan,-6.2140820713594955,nan,nan,False,True
2025-12-03T00:30:00,47,21,nan,nan,nan,-8.37289325680111,nan,nan,False,True
2025-12-03T00:40:00,47,22,nan,nan,nan,-10.5198366111004,nan,nan,False,True
2025-12-03T00:50:00,47,23,nan,nan,nan,-12.654248518533755,nan,nan,False,True
2025-12-03T01:00:00,47,24,nan,nan,nan,-14.77548311159948,nan,nan,False,True
2025-12-03T01:10:00,47,25,nan,nan,nan,-16.88289937814844,nan,nan,False,True
2025-12-03T01:20:00,47,26,nan,nan,nan,-18.97584817672725,nan,nan,False,True
2025-12-03T01:30:00,47,27,nan,nan,nan,-21.05365889702084,nan,nan,False,True
2025-12-03T01:40:00,47,28,nan,nan,nan,-23.115625526310673,nan,nan,False,True
2025-12-03T01:50:00,47,29,nan,nan,nan,-25.16099182152377,nan,nan,False,True
2025-12-03T02:00:00,47,30,nan,nan,nan,-27.188935278000052,nan,nan,False,True
2025-12-03T02:10:00,47,31,nan,nan,nan,-29.198549547065696,nan,nan,False,True
2025-12-03T02:20:00,47,32,nan,nan,nan,-31.188824885700818,nan,nan,False,True
2025-12-03T02:30:00,47,33,nan,nan,nan,-33.158626202205994,nan,nan,False,True
2025-12-03T02:40:00,47,34,nan,nan,nan,-35.10666815796056,nan,nan,False,True
2025-12-03T02:50:00,47,35,nan,nan,nan,-37.03148674191626,nan,nan,False,True
2025-12-03T03:00:00,47,36,nan,nan,nan,-38.93140662775629,nan,nan,False,True
2025-12-03T03:10:00,47,37,nan,nan,nan,-40.80450358447275,nan,nan,False,True
2025-12-03T03:20:00,47,38,nan,nan,nan,-42.648561111429935,nan,nan,False,True
2025-12-03T03:30:00,47,39,nan,nan,nan,-44.46102045704889,nan,nan,False,True
2025-12-03T03:40:00,47,40,nan,nan,nan,-46.23892320881591,nan,nan,False,True
2025-12-03T03:50:00,47,41,nan,nan,nan,-47.978845762940345,nan,nan,False,True
2025-12-03T04:00:00,47,42,nan,nan,nan,-49.67682533865388,nan,nan,False,True
2025-12-03T04:10:00,47,43,nan,nan,nan,-51.328277784996395,nan,nan,False,True
2025-12-03T04:20:00,47,44,nan,nan,nan,-52.92790851765764,nan,nan,False,True
2025-12-03T04:30:00,47,45,nan,nan,nan,-54.46961961308275,nan,nan,False,True
2025-12-03T04:40:00,47,46,nan,nan,nan,-55.94641872833749,nan,nan,False,True
2025-12-03T04:50:00,47,47,nan,nan,nan,-57.350339236652914,nan,nan,False,True
2025-12-09T21:00:00,48,0,nan,nan,69.07046009841945,31.802940327746544,nan,75.00571678434389,False,False
2025-12-09T21:10:00,48,1,nan,nan,68.86173401454656,29.647157933200315,nan,74.99809340195142,False,False
2025-12-09T21:20:00,48,2,nan,nan,68.66695896980742,27.47047081120842,nan,74.99046987345989,False,False
2025-12-09T21:30:00,48,3,nan,nan,68.48636706701218,25.27727601172038,nan,74.9828462002777,False,False
2025-12-09T21:40:00,48,4,nan,nan,68.32013991104775,23.07141941322589,nan,74.9752223798725,False,False
2025-12-09T21:50:00,48,5,nan,nan,68.16841060270511,20.856267598986566,nan,74.9675984136601,False,False
2025-12-09T22:00:00,48,6,nan,nan,68.03126592398476,18.634770562527667,nan,74.95997430173905,False,False
2025-12-09T22:10:00,48,7,nan,nan,67.90874869058284,16.409516290778075,nan,74.95235004552202,False,False
2025-12-09T22:20:00,48,8,nan,nan,67.80086021354855,14.182778240787819,nan,74.94472564247745,False,False
2025-12-09T22:30:00,48,9,nan,nan,67.7075628508591,11.956556697290365,nan,74.93710109402139,False,False
2025-12-09T22:40:00,48,10,nan,nan,67.62878258743108,9.73261486648848,nan,74.92947640025568,False,False
2025-12-09T22:50:00,48,11,nan,nan,67.56441163019058,7.512510503074401,nan,74.92185156127864,False,False
2025-12-09T23:00:00,48,12,nan,nan,67.51431098322736,5.29762374690979,nan,74.91422657850795,False,False
2025-12-09T23:10:00,48,13,nan,nan,nan,3.089181755976675,nan,nan,False,True
2025-12-09T23:20:00,48,14,nan,nan,nan,0.8882806662765875,nan,nan,False,True
2025-12-09T23:30:00,48,15,nan,nan,nan,-1.3040946995842395,nan,nan,False,True
2025-12-09T23:40:00,48,16,nan,nan,nan,-3.4870529685466853,nan,nan,False,True
2025-12-09T23:50:00,48,17,nan,nan,nan,-5.659779870620147,nan,nan,False,True
2025-12-10T00:00:00,48,18,nan,nan,nan,-7.821523087375212,nan,nan,False,True
2025-12-10T00:10:00,48,19,nan,nan,nan,-9.971578039739274,nan,nan,False,True
2025-12-10T00:20:00,48,20,nan,nan,nan,-12.109274358206246,nan,nan,False,True
2025-12-10T00:30:00,48,21,nan,nan,nan,-14.233962768937927,nan,nan,False,True
2025-12-10T00:40:00,48,22,nan,nan,nan,-16.345002196604618,nan,nan,False,True
2025-12-10T00:50:00,48,23,nan,nan,nan,-18.44174681626231,nan,nan,False,True
2025-12-10T01:00:00,48,24,nan,nan,nan,-20.523532836882783,nan,nan,False,True
2025-12-10T01:10:00,48,25,nan,nan,nan,-22.5896647423834,nan,nan,False,True
2025-12-10T01:20:00,48,26,nan,nan,nan,-24.63940072587845,nan,nan,False,True
2025-12-10T01:30:00,48,27,nan,nan,nan,-26.67193699403564,nan,nan,False,True
2025-12-10T01:40:00,48,28,nan,nan,nan,-28.68639062062001,nan,nan,False,True
2025-12-10T01:50:00,48,29,nan,nan,nan,-30.681780545295233,nan,nan,False,True
2025-12-10T02:00:00,48,30,nan,nan,nan,-32.657006280947634,nan,nan,False,True
2025-12-10T02:10:00,48,31,nan,nan,nan,-34.6108238292961,nan,nan,False,True
2025-12-10T02:20:00,48,32,nan,nan,nan,-36.541818212410064,nan,nan,False,True
2025-12-10T02:30:00,48,33,nan,nan,nan,-38.44837198707509,nan,nan,False,True
2025-12-10T02:40:00,48,34,nan,nan,nan,-40.32862899408688,nan,nan,False,True
2025-12-10T02:50:00,48,35,nan,nan,nan,-42.1804525548738,nan,nan,False,True
2025-12-10T03:00:00,48,36,nan,nan,nan,-44.00137725660405,nan,nan,False,True
2025-12-10T03:10:00,48,37,nan,nan,nan,-45.78855351182758,nan,nan,False,True
2025-12-10T03:20:00,48,38,nan,nan,nan,-47.53868414897771,nan,nan,False,True
2025-12-10T03:30:00,48,39,nan,nan,nan,-49.24795257706166,nan,nan,False,True
2025-12-10T03:40:00,48,40,nan,nan,nan,-50.911942595514304,nan,nan,False,True
2025-12-10T03:50:00,48,41,nan,nan,nan,-52.5255508336939,nan,nan,False,True
2025-12-10T04:00:00,48,42,nan,nan,nan,-54.08289436098175,nan,nan,False,True
2025-12-10T04:10:00,48,43,nan,nan,nan,-55.577218331959656,nan,nan,False,True
2025-12-10T04:20:00,48,44,nan,nan,nan,-57.00081199500076,nan,nan,False,True
2025-12-10T04:30:00,48,45,nan,nan,nan,-58.344946079584204,nan,nan,False,True
2025-12-10T04:40:00,48,46,nan,nan,nan,-59.599850535191145,nan,nan,False,True
2025-12-10T04:50:00,48,47,nan,nan,nan,-60.754758132218086,nan,nan,False,True
2025-12-16T21:00:00,49,0,nan,nan,61.522522826253706,25.81363679021331,nan,67.27214462879397,False,False
2025-12-16T21:10:00,49,1,nan,nan,61.354999751199955,23.610547144170564,nan,67.26444743397028,False,False
2025-12-16T21:20:00,49,2,nan,nan,61.20183898511926,21.397380173896234,nan,67.25675022332668,False,False
2025-12-16T21:30:00,49,3,nan,nan,61.063130389044105,19.1771822996596,nan,67.24905299823068,False,False
2025-12-16T21:40:00,49,4,nan,nan,60.93891993438923,16.952625293210918,nan,67.24135575609195,False,False
2025-12-16T21:50:00,49,5,nan,nan,60.82921219560763,14.726055407010234,nan,67.23365849828168,False,False
2025-12-16T22:00:00,49,6,nan,nan,60.733972907680176,12.499536132174047,nan,67.22596122483526,False,False
2025-12-16T22:10:00,49,7,nan,nan,60.65313157178271,10.274885505910353,nan,67.21826393711578,False,False
2025-12-16T22:20:00,49,8,nan,nan,60.58658406084877,8.053708758238995,nan,67.21056663254241,False,False
2025-12-16T22:30:00,49,9,nan,nan,60.53419521558004,5.837427022091537,nan,67.2028693124712,False,False
2025-12-16T22:40:00,49,10,nan,nan,nan,3.6273026969674045,nan,nan,False,True
2025-12-16T22:50:00,49,11,nan,nan,nan,1.4244620150918201,nan,nan,False,True
2025-12-16T23:00:00,49,12,nan,nan,nan,-0.7700847351017722,nan,nan,False,True
2025-12-16T23:10:00,49,13,nan,nan,nan,-2.9554249329717175,nan,nan,False,True
2025-12-16T23:20:00,49,14,nan,nan,nan,-5.130726928281613,nan,nan,False,True
2025-12-16T23:30:00,49,15,nan,nan,nan,-7.295224632990595,nan,nan,False,True
2025-12-16T23:40:00,49,16,nan,nan,nan,-9.44820310224701,nan,nan,False,True
2025-12-16T23:50:00,49,17,nan,nan,nan,-11.588984858825784,nan,nan,False,True
2025-12-17T00:00:00,49,18,nan,nan,nan,-13.716916698794881,nan,nan,False,True
2025-12-17T00:10:00,49,19,nan,nan,nan,-15.831356769943868,nan,nan,False,True
2025-12-17T00:20:00,49,20,nan,nan,nan,-17.931661644342135,nan,nan,False,True
2025-12-17T00:30:00,49,21,nan,nan,nan,-20.01717320406397,nan,nan,False,True
2025-12-17T00:40:00,49,22,nan,nan,nan,-22.087205039187413,nan,nan,False,True
2025-12-17T00:50:00,49,23,nan,nan,nan,-24.141028097131787,nan,nan,False,True
2025-12-17T01:00:00,49,24,nan,nan,nan,-26.17785530157585,nan,nan,False,True
2025-12-17T01:10:00,49,25,nan,nan,nan,-28.196824790728545,nan,nan,False,True
2025-12-17T01:20:00,49,26,nan,nan,nan,-30.196981411956116,nan,nan,False,True
2025-12-17T01:30:00,49,27,nan,nan,nan,-32.17725602777277,nan,nan,False,True
2025-12-17T01:40:00,49,28,nan,nan,nan,-34.136442165171154,nan,nan,False,True
2025-12-17T01:50:00,49,29,nan,nan,nan,-36.07316943358912,nan,nan,False,True
2025-12-17T02:00:00,49,30,nan,nan,nan,-37.98587308210567,nan,nan,False,True
2025-12-17T02:10:00,49,31,nan,nan,nan,-39.87275898788019,nan,nan,False,True
2025-12-17T02:20:00,49,32,nan,nan,nan,-41.73176327605927,nan,nan,False,True
2025-12-17T02:30:00,49,33,nan,nan,nan,-43.56050575493634,nan,nan,False,True
2025-12-17T02:40:00,49,34,nan,nan,nan,-45.35623630727894,nan,nan,False,True
2025-12-17T02:50:00,49,35,nan,nan,nan,-47.11577348267906,nan,nan,False,True
2025-12-17T03:00:00,49,36,nan,nan,nan,-48.83543472867408,nan,nan,False,True
2025-12-17T03:10:00,49,37,nan,nan,nan,-50.51095818547137,nan,nan,False,True
2025-12-17T03:20:00,49,38,nan,nan,nan,-52.13741675319462,nan,nan,False,True
2025-12-17T03:30:00,49,39,nan,nan,nan,-53.709126519207445,nan,nan,False,True
2025-12-17T03:40:00,49,40,nan,nan,nan,-55.219553761628134,nan,nan,False,True
2025-12-17T03:50:00,49,41,nan,nan,nan,-56.66122788194698,nan,nan,False,True
2025-12-17T04:00:00,49,42,nan,nan,nan,-58.02567204058235,nan,nan,False,True
2025-12-17T04:10:00,49,43,nan,nan,nan,-59.303368899238045,nan,nan,False,True
2025-12-17T04:20:00,49,44,nan,nan,nan,-60.48378540556027,nan,nan,False,True
2025-12-17T04:30:00,49,45,nan,nan,nan,-61.55548663936601,nan,nan,False,True
2025-12-17T04:40:00,49,46,nan,nan,nan,-62.50637194809495,nan,nan,False,True
2025-12-17T04:50:00,49,47,nan,nan,nan,-63.32406290576166,nan,nan,False,True
2025-12-23T21:00:00,50,0,nan,nan,54.11115388286436,19.729304430153654,nan,59.50752833751771,False,False
2025-12-23T21:10:00,50,1,nan,nan,53.98563623216933,17.50569396046261,nan,59.499819653389196,False,False
2025-12-23T21:20:00,50,2,nan,nan,53.874470287081245,15.27950546198718,nan,59.49211096360942,False,False
2025-12-23T21:30:00,50,3,nan,nan,53.77762340977008,13.052869772543596,nan,59.484402269566274,False,False
2025-12-23T21:40:00,50,4,nan,nan,53.69502704052494,10.827663385256763,nan,59.476693568687594,False,False
2025-12-23T21:50:00,50,5,nan,nan,53.62657934630378,8.605542199695133,nan,59.468984862364714,False,False
2025-12-23T22:00:00,50,6,nan,nan,53.57214783003994,6.387971146309727,nan,59.461276150660076,False,False
2025-12-23T22:10:00,50,7,nan,nan,nan,4.1762503383135305,nan,nan,False,True
2025-12-23T22:20:00,50,8,nan,nan,nan,1.9715382877354188,nan,nan,False,True
2025-12-23T22:30:00,50,9,nan,nan,nan,-0.22512731851917925,nan,nan,False,True
2025-12-23T22:40:00,50,10,nan,nan,nan,-2.4128108912124975,nan,nan,False,True
2025-12-23T22:50:00,50,11,nan,nan,nan,-4.590661879413269,nan,nan,False,True
2025-12-23T23:00:00,50,12,nan,nan,nan,-6.757899063845857,nan,nan,False,True
2025-12-23T23:10:00,50,13,nan,nan,nan,-8.913795920054223,nan,nan,False,True
2025-12-23T23:20:00,50,14,nan,nan,nan,-11.05766677017258,nan,nan,False,True
2025-12-23T23:30:00,50,15,nan,nan,nan,-13.188853498675988,nan,nan,False,True
2025-12-23T23:40:00,50,16,nan,nan,nan,-15.306712576320633,nan,nan,False,True
2025-12-23T23:50:00,50,17,nan,nan,nan,-17.410602171072583,nan,nan,False,True
2025-12-24T00:00:00,50,18,nan,nan,nan,-19.499869089853068,nan,nan,False,True
2025-12-24T00:10:00,50,19,nan,nan,nan,-21.573835319596668,nan,nan,False,True
2025-12-24T00:20:00,50,20,nan,nan,nan,-23.631783909541877,nan,nan,False,True
2025-12-24T00:30:00,50,21,nan,nan,nan,-25.672943859921777,nan,nan,False,True
2025-12-24T00:40:00,50,22,nan,nan,nan,-27.696473748712325,nan,nan,False,True
2025-12-24T00:50:00,50,23,nan,nan,nan,-29.701443691054486,nan,nan,False,True
2025-12-24T01:00:00,50,24,nan,nan,nan,-31.686815243631234,nan,nan,False,True
2025-12-24T01:10:00,50,25,nan,nan,nan,-33.65141876352797,nan,nan,False,True
2025-12-24T01:20:00,50,26,nan,nan,nan,-35.59392769348728,nan,nan,False,True
2025-12-24T01:30:00,50,27,nan,nan,nan,-37.51282914127135,nan,nan,False,True
2025-12-24T01:40:00,50,28,nan,nan,nan,-39.406390079997976,nan,nan,False,True
2025-12-24T01:50:00,50,29,nan,nan,nan,-41.27261838536047,nan,nan,False,True
2025-12-24T02:00:00,50,30,nan,nan,nan,-43.1092178880411,nan,nan,False,True
2025-12-24T02:10:00,50,31,nan,nan,nan,-44.91353659776849,nan,nan,False,True
2025-12-24T02:20:00,50,32,nan,nan,nan,-46.68250728711828,nan,nan,False,True
2025-12-24T02:30:00,50,33,nan,nan,nan,-48.41257983308658,nan,nan,False,True
2025-12-24T02:40:00,50,34,nan,nan,nan,-50.09964506390275,nan,nan,False,True
2025-12-24T02:50:00,50,35,nan,nan,nan,-51.73895059600894,nan,nan,False,True
2025-12-24T03:00:00,50,36,nan,nan,nan,-53.32501032517528,nan,nan,False,True
2025-12-24T03:10:00,50,37,nan,nan,nan,-54.851511181273395,nan,nan,False,True
2025-12-24T03:20:00,50,38,nan,nan,nan,-56.31122359987341,nan,nan,False,True
2025-12-24T03:30:00,50,39,nan,nan,nan,-57.69592625246948,nan,nan,False,True
2025-12-24T03:40:00,50,40,nan,nan,nan,-58.99636093831618,nan,nan,False,True
2025-12-24T03:50:00,50,41,nan,nan,nan,-60.202239907035555,nan,nan,False,True
2025-12-24T04:00:00,50,42,nan,nan,nan,-61.30233430012765,nan,nan,False,True
2025-12-24T04:10:00,50,43,nan,nan,nan,-62.284676613039416,nan,nan,False,True
2025-12-24T04:20:00,50,44,nan,nan,nan,-63.13690858355281,nan,nan,False,True
2025-12-24T04:30:00,50,45,nan,nan,nan,-63.846793988761696,nan,nan,False,True
2025-12-24T04:40:00,50,46,nan,nan,nan,-64.40288960898238,nan,nan,False,True
2025-12-24T04:50:00,50,47,nan,nan,nan,-64.79532713493022,nan,nan,False,True
2025-12-30T21:00:00,51,0,nan,nan,46.84548897147855,13.609148791357637,nan,51.756351583889526,False,False
2025-12-30T21:10:00,51,1,nan,nan,46.761675366105145,11.38342888160992,nan,51.7487036160353,False,False
2025-12-30T21:20:00,51,2,nan,nan,46.69181911965411,9.16040062253769,nan,51.74105575084606,False,False
2025-12-30T21:30:00,51,3,nan,nan,46.635788283070454,6.941573939698414,nan,51.73340798955304,False,False
2025-12-30T21:40:00,51,4,nan,nan,nan,4.728287713328458,nan,nan,False,True
2025-12-30T21:50:00,51,5,nan,nan,nan,2.5217336884774126,nan,nan,False,True
2025-12-30T22:00:00,51,6,nan,nan,nan,0.32297780914683355,nan,nan,False,True
2025-12-30T22:10:00,51,7,nan,nan,nan,-1.867020575749535,nan,nan,False,True
2025-12-30T22:20:00,51,8,nan,nan,nan,-4.047391273528424,nan,nan,False,True
2025-12-30T22:30:00,51,9,nan,nan,nan,-6.217337226810484,nan,nan,False,True
2025-12-30T22:40:00,51,10,nan,nan,nan,-8.376119637597212,nan,nan,False,True
2025-12-30T22:50:00,51,11,nan,nan,nan,-10.523043949655056,nan,nan,False,True
2025-12-30T23:00:00,51,12,nan,nan,nan,-12.65744644405447,nan,nan,False,True
2025-12-30T23:10:00,51,13,nan,nan,nan,-14.77868121412471,nan,nan,False,True
2025-12-30T23:20:00,51,14,nan,nan,nan,-16.88610726817839,nan,nan,False,True
2025-12-30T23:30:00,51,15,nan,nan,nan,-18.97907554566817,nan,nan,False,True
2025-12-30T23:40:00,51,16,nan,nan,nan,-21.056915583233295,nan,nan,False,True
2025-12-30T23:50:00,51,17,nan,nan,nan,-23.118921582944452,nan,nan,False,True
2025-12-31T00:00:00,51,18,nan,nan,nan,-25.16433758119654,nan,nan,False,True
2025-12-31T00:10:00,51,19,nan,nan,nan,-27.19234143143715,nan,nan,False,True
2025-12-31T00:20:00,51,20,nan,nan,nan,-29.202027202328846,nan,nan,False,True
2025-12-31T00:30:00,51,21,nan,nan,nan,-31.192385653566816,nan,nan,False,True
2025-12-31T00:40:00,51,22,nan,nan,nan,-33.16228227913876,nan,nan,False,True
2025-12-31T00:50:00,51,23,nan,nan,nan,-35.11043240825379,nan,nan,False,True
2025-12-31T01:00:00,51,24,nan,nan,nan,-37.03537278254122,nan,nan,False,True
2025-12-31T01:10:00,51,25,nan,nan,nan,-38.93542891869713,nan,nan,False,True
2025-12-31T01:20:00,51,26,nan,nan,nan,-40.808677518043076,nan,nan,False,True
2025-12-31T01:30:00,51,27,nan,nan,nan,-42.65290309224785,nan,nan,False,True
2025-12-31T01:40:00,51,28,nan,nan,nan,-44.465547977194795,nan,nan,False,True
2025-12-31T01:50:00,51,29,nan,nan,nan,-46.243654900558454,nan,nan,False,True
2025-12-31T02:00:00,51,30,nan,nan,nan,-47.98380142726321,nan,nan,False,True
2025-12-31T02:10:00,51,31,nan,nan,nan,-49.682025928791674,nan,nan,False,True
2025-12-31T02:20:00,51,32,nan,nan,nan,-51.3337453197877,nan,nan,False,True
2025-12-31T02:30:00,51,33,nan,nan,nan,-52.93366589986943,nan,nan,False,True
2025-12-31T02:40:00,51,34,nan,nan,nan,-54.47569031909742,nan,nan,False,True
2025-12-31T02:50:00,51,35,nan,nan,nan,-55.952826320435456,nan,nan,False,True
2025-12-31T03:00:00,51,36,nan,nan,nan,-57.35710664304329,nan,nan,False,True
2025-12-31T03:10:00,51,37,nan,nan,nan,-58.67953454449295,nan,nan,False,True
2025-12-31T03:20:00,51,38,nan,nan,nan,-59.9100755551608,nan,nan,False,True
2025-12-31T03:30:00,51,39,nan,nan,nan,-61.03772263514978,nan,nan,False,True
2025-12-31T03:40:00,51,40,nan,nan,nan,-62.05066696138789,nan,nan,False,True
2025-12-31T03:50:00,51,41,nan,nan,nan,-62.93660689749109,nan,nan,False,True
2025-12-31T04:00:00,51,42,nan,nan,nan,-63.68321885520273,nan,nan,False,True
2025-12-31T04:10:00,51,43,nan,nan,nan,-64.27879129852516,nan,nan,False,True
2025-12-31T04:20:00,51,44,nan,nan,nan,-64.71298586539774,nan,nan,False,True
2025-12-31T04:30:00,51,45,nan,nan,nan,-64.97764317793344,nan,nan,False,True
2025-12-31T04:40:00,51,46,nan,nan,nan,-65.06751037034006,nan,nan,False,True
2025-12-31T04:50:00,51,47,nan,nan,nan,-64.9807531626778,nan,nan,False,True
